template,asset,regime,regime_label,regime_start,regime_end,candle_count,return_percent,max_drawdown_percent,trade_count,first_iso,last_iso,insufficient_data
bollinger_reversion,BTC,btc_bull_2020_2021,BTC bull (covid bottom → ATH),2020-04-01,2021-11-09,4479,1.057,2.6558,2,2021-05-07T03:00:00+00:00,2021-11-09T23:00:00+00:00,False
bollinger_reversion,BTC,btc_bear_2022,BTC bear (ATH → 16k),2021-11-10,2022-12-31,10008,-4.4181,4.6331,0,2021-11-10T00:00:00+00:00,2022-12-31T23:00:00+00:00,False
bollinger_reversion,BTC,btc_range_2023,BTC range (16k–30k consolidation),2023-01-01,2023-09-30,6551,0.9555,0.5953,0,2023-01-01T00:00:00+00:00,2023-09-30T23:00:00+00:00,False
bollinger_reversion,BTC,btc_high_vol_2024,BTC high-vol (ETF approval shock),2024-01-01,2024-04-30,2904,1.6291,1.2436,0,2024-01-01T00:00:00+00:00,2024-04-30T23:00:00+00:00,False
bollinger_reversion,BTC,btc_low_vol_2023h2,BTC low-vol (slow climb),2023-09-01,2023-12-31,2928,1.4748,0.3422,0,2023-09-01T00:00:00+00:00,2023-12-31T23:00:00+00:00,False
bollinger_reversion,ETH,btc_bull_2020_2021,BTC bull (covid bottom → ATH),2020-04-01,2021-11-09,4479,1.534,3.4385,2,2021-05-07T03:00:00+00:00,2021-11-09T23:00:00+00:00,False
bollinger_reversion,ETH,btc_bear_2022,BTC bear (ATH → 16k),2021-11-10,2022-12-31,10008,-4.6267,5.1668,0,2021-11-10T00:00:00+00:00,2022-12-31T23:00:00+00:00,False
bollinger_reversion,ETH,btc_range_2023,BTC range (16k–30k consolidation),2023-01-01,2023-09-30,6551,0.6559,0.8005,0,2023-01-01T00:00:00+00:00,2023-09-30T23:00:00+00:00,False
bollinger_reversion,ETH,btc_high_vol_2024,BTC high-vol (ETF approval shock),2024-01-01,2024-04-30,2904,0.9737,1.5311,0,2024-01-01T00:00:00+00:00,2024-04-30T23:00:00+00:00,False
bollinger_reversion,ETH,btc_low_vol_2023h2,BTC low-vol (slow climb),2023-09-01,2023-12-31,2928,0.8611,0.3455,0,2023-09-01T00:00:00+00:00,2023-12-31T23:00:00+00:00,False
bollinger_reversion,XRP,btc_bull_2020_2021,BTC bull (covid bottom → ATH),2020-04-01,2021-11-09,4479,-0.854,3.6934,2,2021-05-07T03:00:00+00:00,2021-11-09T23:00:00+00:00,False
bollinger_reversion,XRP,btc_bear_2022,BTC bear (ATH → 16k),2021-11-10,2022-12-31,10008,-2.9376,3.3599,0,2021-11-10T00:00:00+00:00,2022-12-31T23:00:00+00:00,False
bollinger_reversion,XRP,btc_range_2023,BTC range (16k–30k consolidation),2023-01-01,2023-09-30,6551,0.5916,1.234,0,2023-01-01T00:00:00+00:00,2023-09-30T23:00:00+00:00,False
bollinger_reversion,XRP,btc_high_vol_2024,BTC high-vol (ETF approval shock),2024-01-01,2024-04-30,2904,-0.3842,1.0014,0,2024-01-01T00:00:00+00:00,2024-04-30T23:00:00+00:00,False
bollinger_reversion,XRP,btc_low_vol_2023h2,BTC low-vol (slow climb),2023-09-01,2023-12-31,2928,0.3515,0.4814,0,2023-09-01T00:00:00+00:00,2023-12-31T23:00:00+00:00,False
bollinger_reversion,BNB,btc_bull_2020_2021,BTC bull (covid bottom → ATH),2020-04-01,2021-11-09,4479,0.016,3.568,2,2021-05-07T03:00:00+00:00,2021-11-09T23:00:00+00:00,False
bollinger_reversion,BNB,btc_bear_2022,BTC bear (ATH → 16k),2021-11-10,2022-12-31,10008,-2.9889,3.6714,0,2021-11-10T00:00:00+00:00,2022-12-31T23:00:00+00:00,False
bollinger_reversion,BNB,btc_range_2023,BTC range (16k–30k consolidation),2023-01-01,2023-09-30,6551,-0.2495,1.1566,0,2023-01-01T00:00:00+00:00,2023-09-30T23:00:00+00:00,False
bollinger_reversion,BNB,btc_high_vol_2024,BTC high-vol (ETF approval shock),2024-01-01,2024-04-30,2904,2.1125,0.976,0,2024-01-01T00:00:00+00:00,2024-04-30T23:00:00+00:00,False
bollinger_reversion,BNB,btc_low_vol_2023h2,BTC low-vol (slow climb),2023-09-01,2023-12-31,2928,0.7586,0.3449,0,2023-09-01T00:00:00+00:00,2023-12-31T23:00:00+00:00,False
bollinger_reversion,PAXG,btc_bull_2020_2021,BTC bull (covid bottom → ATH),2020-04-01,2021-11-09,4479,-0.03,0.8222,2,2021-05-07T03:00:00+00:00,2021-11-09T23:00:00+00:00,False
bollinger_reversion,PAXG,btc_bear_2022,BTC bear (ATH → 16k),2021-11-10,2022-12-31,10008,-0.027,1.2306,0,2021-11-10T00:00:00+00:00,2022-12-31T23:00:00+00:00,False
bollinger_reversion,PAXG,btc_range_2023,BTC range (16k–30k consolidation),2023-01-01,2023-09-30,6551,0.1241,0.5052,0,2023-01-01T00:00:00+00:00,2023-09-30T23:00:00+00:00,False
bollinger_reversion,PAXG,btc_high_vol_2024,BTC high-vol (ETF approval shock),2024-01-01,2024-04-30,2904,0.7283,1.5152,0,2024-01-01T00:00:00+00:00,2024-04-30T23:00:00+00:00,False
bollinger_reversion,PAXG,btc_low_vol_2023h2,BTC low-vol (slow climb),2023-09-01,2023-12-31,2928,0.2944,0.3576,0,2023-09-01T00:00:00+00:00,2023-12-31T23:00:00+00:00,False
breakout_buy,BTC,btc_bull_2020_2021,BTC bull (covid bottom → ATH),2020-04-01,2021-11-09,4479,0.0,0.0,0,2021-05-07T03:00:00+00:00,2021-11-09T23:00:00+00:00,False
breakout_buy,BTC,btc_bear_2022,BTC bear (ATH → 16k),2021-11-10,2022-12-31,10008,0.0,0.0,0,2021-11-10T00:00:00+00:00,2022-12-31T23:00:00+00:00,False
breakout_buy,BTC,btc_range_2023,BTC range (16k–30k consolidation),2023-01-01,2023-09-30,6551,0.0,0.0,0,2023-01-01T00:00:00+00:00,2023-09-30T23:00:00+00:00,False
breakout_buy,BTC,btc_high_vol_2024,BTC high-vol (ETF approval shock),2024-01-01,2024-04-30,2904,0.0,0.0,0,2024-01-01T00:00:00+00:00,2024-04-30T23:00:00+00:00,False
breakout_buy,BTC,btc_low_vol_2023h2,BTC low-vol (slow climb),2023-09-01,2023-12-31,2928,0.0,0.0,0,2023-09-01T00:00:00+00:00,2023-12-31T23:00:00+00:00,False
breakout_buy,ETH,btc_bull_2020_2021,BTC bull (covid bottom → ATH),2020-04-01,2021-11-09,4479,0.0,0.0,0,2021-05-07T03:00:00+00:00,2021-11-09T23:00:00+00:00,False
breakout_buy,ETH,btc_bear_2022,BTC bear (ATH → 16k),2021-11-10,2022-12-31,10008,0.0,0.0,0,2021-11-10T00:00:00+00:00,2022-12-31T23:00:00+00:00,False
breakout_buy,ETH,btc_range_2023,BTC range (16k–30k consolidation),2023-01-01,2023-09-30,6551,0.0,0.0,0,2023-01-01T00:00:00+00:00,2023-09-30T23:00:00+00:00,False
breakout_buy,ETH,btc_high_vol_2024,BTC high-vol (ETF approval shock),2024-01-01,2024-04-30,2904,0.0,0.0,0,2024-01-01T00:00:00+00:00,2024-04-30T23:00:00+00:00,False
breakout_buy,ETH,btc_low_vol_2023h2,BTC low-vol (slow climb),2023-09-01,2023-12-31,2928,0.0,0.0,0,2023-09-01T00:00:00+00:00,2023-12-31T23:00:00+00:00,False
breakout_buy,XRP,btc_bull_2020_2021,BTC bull (covid bottom → ATH),2020-04-01,2021-11-09,4479,0.0,0.0,0,2021-05-07T03:00:00+00:00,2021-11-09T23:00:00+00:00,False
breakout_buy,XRP,btc_bear_2022,BTC bear (ATH → 16k),2021-11-10,2022-12-31,10008,0.0,0.0,0,2021-11-10T00:00:00+00:00,2022-12-31T23:00:00+00:00,False
breakout_buy,XRP,btc_range_2023,BTC range (16k–30k consolidation),2023-01-01,2023-09-30,6551,0.0,0.0,0,2023-01-01T00:00:00+00:00,2023-09-30T23:00:00+00:00,False
breakout_buy,XRP,btc_high_vol_2024,BTC high-vol (ETF approval shock),2024-01-01,2024-04-30,2904,0.0,0.0,0,2024-01-01T00:00:00+00:00,2024-04-30T23:00:00+00:00,False
breakout_buy,XRP,btc_low_vol_2023h2,BTC low-vol (slow climb),2023-09-01,2023-12-31,2928,0.0,0.0,0,2023-09-01T00:00:00+00:00,2023-12-31T23:00:00+00:00,False
breakout_buy,BNB,btc_bull_2020_2021,BTC bull (covid bottom → ATH),2020-04-01,2021-11-09,4479,0.0,0.0,0,2021-05-07T03:00:00+00:00,2021-11-09T23:00:00+00:00,False
breakout_buy,BNB,btc_bear_2022,BTC bear (ATH → 16k),2021-11-10,2022-12-31,10008,0.0,0.0,0,2021-11-10T00:00:00+00:00,2022-12-31T23:00:00+00:00,False
breakout_buy,BNB,btc_range_2023,BTC range (16k–30k consolidation),2023-01-01,2023-09-30,6551,0.0,0.0,0,2023-01-01T00:00:00+00:00,2023-09-30T23:00:00+00:00,False
breakout_buy,BNB,btc_high_vol_2024,BTC high-vol (ETF approval shock),2024-01-01,2024-04-30,2904,0.0,0.0,0,2024-01-01T00:00:00+00:00,2024-04-30T23:00:00+00:00,False
breakout_buy,BNB,btc_low_vol_2023h2,BTC low-vol (slow climb),2023-09-01,2023-12-31,2928,0.0,0.0,0,2023-09-01T00:00:00+00:00,2023-12-31T23:00:00+00:00,False
breakout_buy,PAXG,btc_bull_2020_2021,BTC bull (covid bottom → ATH),2020-04-01,2021-11-09,4479,0.0,0.0,0,2021-05-07T03:00:00+00:00,2021-11-09T23:00:00+00:00,False
breakout_buy,PAXG,btc_bear_2022,BTC bear (ATH → 16k),2021-11-10,2022-12-31,10008,0.0,0.0,0,2021-11-10T00:00:00+00:00,2022-12-31T23:00:00+00:00,False
breakout_buy,PAXG,btc_range_2023,BTC range (16k–30k consolidation),2023-01-01,2023-09-30,6551,0.0,0.0,0,2023-01-01T00:00:00+00:00,2023-09-30T23:00:00+00:00,False
breakout_buy,PAXG,btc_high_vol_2024,BTC high-vol (ETF approval shock),2024-01-01,2024-04-30,2904,0.0,0.0,0,2024-01-01T00:00:00+00:00,2024-04-30T23:00:00+00:00,False
breakout_buy,PAXG,btc_low_vol_2023h2,BTC low-vol (slow climb),2023-09-01,2023-12-31,2928,0.0,0.0,0,2023-09-01T00:00:00+00:00,2023-12-31T23:00:00+00:00,False
dip_buy,BTC,btc_bull_2020_2021,BTC bull (covid bottom → ATH),2020-04-01,2021-11-09,4479,2.0172,5.3664,1,2021-05-07T03:00:00+00:00,2021-11-09T23:00:00+00:00,False
dip_buy,BTC,btc_bear_2022,BTC bear (ATH → 16k),2021-11-10,2022-12-31,10008,-8.8693,9.2876,0,2021-11-10T00:00:00+00:00,2022-12-31T23:00:00+00:00,False
dip_buy,BTC,btc_range_2023,BTC range (16k–30k consolidation),2023-01-01,2023-09-30,6551,2.0126,1.2345,0,2023-01-01T00:00:00+00:00,2023-09-30T23:00:00+00:00,False
dip_buy,BTC,btc_high_vol_2024,BTC high-vol (ETF approval shock),2024-01-01,2024-04-30,2904,3.3426,2.4827,0,2024-01-01T00:00:00+00:00,2024-04-30T23:00:00+00:00,False
dip_buy,BTC,btc_low_vol_2023h2,BTC low-vol (slow climb),2023-09-01,2023-12-31,2928,3.0737,0.7001,0,2023-09-01T00:00:00+00:00,2023-12-31T23:00:00+00:00,False
dip_buy,ETH,btc_bull_2020_2021,BTC bull (covid bottom → ATH),2020-04-01,2021-11-09,4479,3.8184,7.4083,1,2021-05-07T03:00:00+00:00,2021-11-09T23:00:00+00:00,False
dip_buy,ETH,btc_bear_2022,BTC bear (ATH → 16k),2021-11-10,2022-12-31,10008,-9.9109,11.0446,0,2021-11-10T00:00:00+00:00,2022-12-31T23:00:00+00:00,False
dip_buy,ETH,btc_range_2023,BTC range (16k–30k consolidation),2023-01-01,2023-09-30,6551,1.489,1.7857,0,2023-01-01T00:00:00+00:00,2023-09-30T23:00:00+00:00,False
dip_buy,ETH,btc_high_vol_2024,BTC high-vol (ETF approval shock),2024-01-01,2024-04-30,2904,2.1676,3.3121,0,2024-01-01T00:00:00+00:00,2024-04-30T23:00:00+00:00,False
dip_buy,ETH,btc_low_vol_2023h2,BTC low-vol (slow climb),2023-09-01,2023-12-31,2928,1.9352,0.7674,0,2023-09-01T00:00:00+00:00,2023-12-31T23:00:00+00:00,False
dip_buy,XRP,btc_bull_2020_2021,BTC bull (covid bottom → ATH),2020-04-01,2021-11-09,4479,-1.8882,7.3591,1,2021-05-07T03:00:00+00:00,2021-11-09T23:00:00+00:00,False
dip_buy,XRP,btc_bear_2022,BTC bear (ATH → 16k),2021-11-10,2022-12-31,10008,-5.9346,6.7699,0,2021-11-10T00:00:00+00:00,2022-12-31T23:00:00+00:00,False
dip_buy,XRP,btc_range_2023,BTC range (16k–30k consolidation),2023-01-01,2023-09-30,6551,1.2334,2.5253,0,2023-01-01T00:00:00+00:00,2023-09-30T23:00:00+00:00,False
dip_buy,XRP,btc_high_vol_2024,BTC high-vol (ETF approval shock),2024-01-01,2024-04-30,2904,-0.7928,2.0595,0,2024-01-01T00:00:00+00:00,2024-04-30T23:00:00+00:00,False
dip_buy,XRP,btc_low_vol_2023h2,BTC low-vol (slow climb),2023-09-01,2023-12-31,2928,0.7278,0.9877,0,2023-09-01T00:00:00+00:00,2023-12-31T23:00:00+00:00,False
dip_buy,BNB,btc_bull_2020_2021,BTC bull (covid bottom → ATH),2020-04-01,2021-11-09,4479,0.263,7.352,1,2021-05-07T03:00:00+00:00,2021-11-09T23:00:00+00:00,False
dip_buy,BNB,btc_bear_2022,BTC bear (ATH → 16k),2021-11-10,2022-12-31,10008,-6.1741,7.5659,0,2021-11-10T00:00:00+00:00,2022-12-31T23:00:00+00:00,False
dip_buy,BNB,btc_range_2023,BTC range (16k–30k consolidation),2023-01-01,2023-09-30,6551,-0.5353,2.4465,0,2023-01-01T00:00:00+00:00,2023-09-30T23:00:00+00:00,False
dip_buy,BNB,btc_high_vol_2024,BTC high-vol (ETF approval shock),2024-01-01,2024-04-30,2904,4.4827,2.0156,0,2024-01-01T00:00:00+00:00,2024-04-30T23:00:00+00:00,False
dip_buy,BNB,btc_low_vol_2023h2,BTC low-vol (slow climb),2023-09-01,2023-12-31,2928,1.6254,0.7371,0,2023-09-01T00:00:00+00:00,2023-12-31T23:00:00+00:00,False
dip_buy,PAXG,btc_bull_2020_2021,BTC bull (covid bottom → ATH),2020-04-01,2021-11-09,4479,-0.049,1.6416,1,2021-05-07T03:00:00+00:00,2021-11-09T23:00:00+00:00,False
dip_buy,PAXG,btc_bear_2022,BTC bear (ATH → 16k),2021-11-10,2022-12-31,10008,-0.055,2.4551,0,2021-11-10T00:00:00+00:00,2022-12-31T23:00:00+00:00,False
dip_buy,PAXG,btc_range_2023,BTC range (16k–30k consolidation),2023-01-01,2023-09-30,6551,0.2503,1.0087,0,2023-01-01T00:00:00+00:00,2023-09-30T23:00:00+00:00,False
dip_buy,PAXG,btc_high_vol_2024,BTC high-vol (ETF approval shock),2024-01-01,2024-04-30,2904,1.4561,2.961,0,2024-01-01T00:00:00+00:00,2024-04-30T23:00:00+00:00,False
dip_buy,PAXG,btc_low_vol_2023h2,BTC low-vol (slow climb),2023-09-01,2023-12-31,2928,0.5886,0.7125,0,2023-09-01T00:00:00+00:00,2023-12-31T23:00:00+00:00,False
full_entry_exit,BTC,btc_bull_2020_2021,BTC bull (covid bottom → ATH),2020-04-01,2021-11-09,4479,-8.792,13.336,2,2021-05-07T03:00:00+00:00,2021-11-09T23:00:00+00:00,False
full_entry_exit,BTC,btc_bear_2022,BTC bear (ATH → 16k),2021-11-10,2022-12-31,10008,0.0,0.0,0,2021-11-10T00:00:00+00:00,2022-12-31T23:00:00+00:00,False
full_entry_exit,BTC,btc_range_2023,BTC range (16k–30k consolidation),2023-01-01,2023-09-30,6551,0.0,0.0,0,2023-01-01T00:00:00+00:00,2023-09-30T23:00:00+00:00,False
full_entry_exit,BTC,btc_high_vol_2024,BTC high-vol (ETF approval shock),2024-01-01,2024-04-30,2904,0.0,0.0,0,2024-01-01T00:00:00+00:00,2024-04-30T23:00:00+00:00,False
full_entry_exit,BTC,btc_low_vol_2023h2,BTC low-vol (slow climb),2023-09-01,2023-12-31,2928,0.0,0.0,0,2023-09-01T00:00:00+00:00,2023-12-31T23:00:00+00:00,False
full_entry_exit,ETH,btc_bull_2020_2021,BTC bull (covid bottom → ATH),2020-04-01,2021-11-09,4479,12.466,2.6688,2,2021-05-07T03:00:00+00:00,2021-11-09T23:00:00+00:00,False
full_entry_exit,ETH,btc_bear_2022,BTC bear (ATH → 16k),2021-11-10,2022-12-31,10008,0.0,0.0,0,2021-11-10T00:00:00+00:00,2022-12-31T23:00:00+00:00,False
full_entry_exit,ETH,btc_range_2023,BTC range (16k–30k consolidation),2023-01-01,2023-09-30,6551,0.0,0.0,0,2023-01-01T00:00:00+00:00,2023-09-30T23:00:00+00:00,False
full_entry_exit,ETH,btc_high_vol_2024,BTC high-vol (ETF approval shock),2024-01-01,2024-04-30,2904,0.0,0.0,0,2024-01-01T00:00:00+00:00,2024-04-30T23:00:00+00:00,False
full_entry_exit,ETH,btc_low_vol_2023h2,BTC low-vol (slow climb),2023-09-01,2023-12-31,2928,0.0,0.0,0,2023-09-01T00:00:00+00:00,2023-12-31T23:00:00+00:00,False
full_entry_exit,XRP,btc_bull_2020_2021,BTC bull (covid bottom → ATH),2020-04-01,2021-11-09,4479,-8.4668,13.1673,2,2021-05-07T03:00:00+00:00,2021-11-09T23:00:00+00:00,False
full_entry_exit,XRP,btc_bear_2022,BTC bear (ATH → 16k),2021-11-10,2022-12-31,10008,0.0,0.0,0,2021-11-10T00:00:00+00:00,2022-12-31T23:00:00+00:00,False
full_entry_exit,XRP,btc_range_2023,BTC range (16k–30k consolidation),2023-01-01,2023-09-30,6551,0.0,0.0,0,2023-01-01T00:00:00+00:00,2023-09-30T23:00:00+00:00,False
full_entry_exit,XRP,btc_high_vol_2024,BTC high-vol (ETF approval shock),2024-01-01,2024-04-30,2904,0.0,0.0,0,2024-01-01T00:00:00+00:00,2024-04-30T23:00:00+00:00,False
full_entry_exit,XRP,btc_low_vol_2023h2,BTC low-vol (slow climb),2023-09-01,2023-12-31,2928,0.0,0.0,0,2023-09-01T00:00:00+00:00,2023-12-31T23:00:00+00:00,False
full_entry_exit,BNB,btc_bull_2020_2021,BTC bull (covid bottom → ATH),2020-04-01,2021-11-09,4479,-9.3655,16.4388,2,2021-05-07T03:00:00+00:00,2021-11-09T23:00:00+00:00,False
full_entry_exit,BNB,btc_bear_2022,BTC bear (ATH → 16k),2021-11-10,2022-12-31,10008,0.0,0.0,0,2021-11-10T00:00:00+00:00,2022-12-31T23:00:00+00:00,False
full_entry_exit,BNB,btc_range_2023,BTC range (16k–30k consolidation),2023-01-01,2023-09-30,6551,0.0,0.0,0,2023-01-01T00:00:00+00:00,2023-09-30T23:00:00+00:00,False
full_entry_exit,BNB,btc_high_vol_2024,BTC high-vol (ETF approval shock),2024-01-01,2024-04-30,2904,0.0,0.0,0,2024-01-01T00:00:00+00:00,2024-04-30T23:00:00+00:00,False
full_entry_exit,BNB,btc_low_vol_2023h2,BTC low-vol (slow climb),2023-09-01,2023-12-31,2928,0.0,0.0,0,2023-09-01T00:00:00+00:00,2023-12-31T23:00:00+00:00,False
full_entry_exit,PAXG,btc_bull_2020_2021,BTC bull (covid bottom → ATH),2020-04-01,2021-11-09,4479,-0.3993,12.3391,1,2021-05-07T03:00:00+00:00,2021-11-09T23:00:00+00:00,False
full_entry_exit,PAXG,btc_bear_2022,BTC bear (ATH → 16k),2021-11-10,2022-12-31,10008,-7.7049,16.2857,1,2021-11-10T00:00:00+00:00,2022-12-31T23:00:00+00:00,False
full_entry_exit,PAXG,btc_range_2023,BTC range (16k–30k consolidation),2023-01-01,2023-09-30,6551,0.0,0.0,0,2023-01-01T00:00:00+00:00,2023-09-30T23:00:00+00:00,False
full_entry_exit,PAXG,btc_high_vol_2024,BTC high-vol (ETF approval shock),2024-01-01,2024-04-30,2904,0.0,0.0,0,2024-01-01T00:00:00+00:00,2024-04-30T23:00:00+00:00,False
full_entry_exit,PAXG,btc_low_vol_2023h2,BTC low-vol (slow climb),2023-09-01,2023-12-31,2928,0.0,0.0,0,2023-09-01T00:00:00+00:00,2023-12-31T23:00:00+00:00,False
kd_momentum,BTC,btc_bull_2020_2021,BTC bull (covid bottom → ATH),2020-04-01,2021-11-09,4479,1.482,5.1557,1,2021-05-07T03:00:00+00:00,2021-11-09T23:00:00+00:00,False
kd_momentum,BTC,btc_bear_2022,BTC bear (ATH → 16k),2021-11-10,2022-12-31,10008,-8.526,8.9289,0,2021-11-10T00:00:00+00:00,2022-12-31T23:00:00+00:00,False
kd_momentum,BTC,btc_range_2023,BTC range (16k–30k consolidation),2023-01-01,2023-09-30,6551,1.9271,1.1842,0,2023-01-01T00:00:00+00:00,2023-09-30T23:00:00+00:00,False
kd_momentum,BTC,btc_high_vol_2024,BTC high-vol (ETF approval shock),2024-01-01,2024-04-30,2904,3.2071,2.3865,0,2024-01-01T00:00:00+00:00,2024-04-30T23:00:00+00:00,False
kd_momentum,BTC,btc_low_vol_2023h2,BTC low-vol (slow climb),2023-09-01,2023-12-31,2928,2.947,0.6719,0,2023-09-01T00:00:00+00:00,2023-12-31T23:00:00+00:00,False
kd_momentum,ETH,btc_bull_2020_2021,BTC bull (covid bottom → ATH),2020-04-01,2021-11-09,4479,3.42,7.2248,1,2021-05-07T03:00:00+00:00,2021-11-09T23:00:00+00:00,False
kd_momentum,ETH,btc_bear_2022,BTC bear (ATH → 16k),2021-11-10,2022-12-31,10008,-9.6684,10.7756,0,2021-11-10T00:00:00+00:00,2022-12-31T23:00:00+00:00,False
kd_momentum,ETH,btc_range_2023,BTC range (16k–30k consolidation),2023-01-01,2023-09-30,6551,1.4477,1.7379,0,2023-01-01T00:00:00+00:00,2023-09-30T23:00:00+00:00,False
kd_momentum,ETH,btc_high_vol_2024,BTC high-vol (ETF approval shock),2024-01-01,2024-04-30,2904,2.1107,3.2284,0,2024-01-01T00:00:00+00:00,2024-04-30T23:00:00+00:00,False
kd_momentum,ETH,btc_low_vol_2023h2,BTC low-vol (slow climb),2023-09-01,2023-12-31,2928,1.8841,0.7472,0,2023-09-01T00:00:00+00:00,2023-12-31T23:00:00+00:00,False
kd_momentum,XRP,btc_bull_2020_2021,BTC bull (covid bottom → ATH),2020-04-01,2021-11-09,4479,-2.178,7.1313,1,2021-05-07T03:00:00+00:00,2021-11-09T23:00:00+00:00,False
kd_momentum,XRP,btc_bear_2022,BTC bear (ATH → 16k),2021-11-10,2022-12-31,10008,-5.7458,6.5553,0,2021-11-10T00:00:00+00:00,2022-12-31T23:00:00+00:00,False
kd_momentum,XRP,btc_range_2023,BTC range (16k–30k consolidation),2023-01-01,2023-09-30,6551,1.191,2.4431,0,2023-01-01T00:00:00+00:00,2023-09-30T23:00:00+00:00,False
kd_momentum,XRP,btc_high_vol_2024,BTC high-vol (ETF approval shock),2024-01-01,2024-04-30,2904,-0.7662,1.9912,0,2024-01-01T00:00:00+00:00,2024-04-30T23:00:00+00:00,False
kd_momentum,XRP,btc_low_vol_2023h2,BTC low-vol (slow climb),2023-09-01,2023-12-31,2928,0.703,0.9555,0,2023-09-01T00:00:00+00:00,2023-12-31T23:00:00+00:00,False
kd_momentum,BNB,btc_bull_2020_2021,BTC bull (covid bottom → ATH),2020-04-01,2021-11-09,4479,0.006,7.1928,1,2021-05-07T03:00:00+00:00,2021-11-09T23:00:00+00:00,False
kd_momentum,BNB,btc_bear_2022,BTC bear (ATH → 16k),2021-11-10,2022-12-31,10008,-6.0401,7.402,0,2021-11-10T00:00:00+00:00,2022-12-31T23:00:00+00:00,False
kd_momentum,BNB,btc_range_2023,BTC range (16k–30k consolidation),2023-01-01,2023-09-30,6551,-0.522,2.3903,0,2023-01-01T00:00:00+00:00,2023-09-30T23:00:00+00:00,False
kd_momentum,BNB,btc_high_vol_2024,BTC high-vol (ETF approval shock),2024-01-01,2024-04-30,2904,4.3811,1.9716,0,2024-01-01T00:00:00+00:00,2024-04-30T23:00:00+00:00,False
kd_momentum,BNB,btc_low_vol_2023h2,BTC low-vol (slow climb),2023-09-01,2023-12-31,2928,1.5862,0.7188,0,2023-09-01T00:00:00+00:00,2023-12-31T23:00:00+00:00,False
kd_momentum,PAXG,btc_bull_2020_2021,BTC bull (covid bottom → ATH),2020-04-01,2021-11-09,4479,-0.156,1.6285,1,2021-05-07T03:00:00+00:00,2021-11-09T23:00:00+00:00,False
kd_momentum,PAXG,btc_bear_2022,BTC bear (ATH → 16k),2021-11-10,2022-12-31,10008,-0.0531,2.4341,0,2021-11-10T00:00:00+00:00,2022-12-31T23:00:00+00:00,False
kd_momentum,PAXG,btc_range_2023,BTC range (16k–30k consolidation),2023-01-01,2023-09-30,6551,0.2475,0.9998,0,2023-01-01T00:00:00+00:00,2023-09-30T23:00:00+00:00,False
kd_momentum,PAXG,btc_high_vol_2024,BTC high-vol (ETF approval shock),2024-01-01,2024-04-30,2904,1.4428,2.9367,0,2024-01-01T00:00:00+00:00,2024-04-30T23:00:00+00:00,False
kd_momentum,PAXG,btc_low_vol_2023h2,BTC low-vol (slow climb),2023-09-01,2023-12-31,2928,0.5842,0.7064,0,2023-09-01T00:00:00+00:00,2023-12-31T23:00:00+00:00,False
ma200_trend_entry,BTC,btc_bull_2020_2021,BTC bull (covid bottom → ATH),2020-04-01,2021-11-09,4479,10.282,4.3879,1,2021-05-07T03:00:00+00:00,2021-11-09T23:00:00+00:00,False
ma200_trend_entry,BTC,btc_bear_2022,BTC bear (ATH → 16k),2021-11-10,2022-12-31,10008,-17.2745,18.0393,0,2021-11-10T00:00:00+00:00,2022-12-31T23:00:00+00:00,False
ma200_trend_entry,BTC,btc_range_2023,BTC range (16k–30k consolidation),2023-01-01,2023-09-30,6551,4.317,2.5656,0,2023-01-01T00:00:00+00:00,2023-09-30T23:00:00+00:00,False
ma200_trend_entry,BTC,btc_high_vol_2024,BTC high-vol (ETF approval shock),2024-01-01,2024-04-30,2904,6.8002,4.7834,0,2024-01-01T00:00:00+00:00,2024-04-30T23:00:00+00:00,False
ma200_trend_entry,BTC,btc_low_vol_2023h2,BTC low-vol (slow climb),2023-09-01,2023-12-31,2928,6.4625,1.4183,0,2023-09-01T00:00:00+00:00,2023-12-31T23:00:00+00:00,False
ma200_trend_entry,ETH,btc_bull_2020_2021,BTC bull (covid bottom → ATH),2020-04-01,2021-11-09,4479,3.105,8.394,1,2021-05-07T03:00:00+00:00,2021-11-09T23:00:00+00:00,False
ma200_trend_entry,ETH,btc_bear_2022,BTC bear (ATH → 16k),2021-11-10,2022-12-31,10008,-13.0852,14.5669,0,2021-11-10T00:00:00+00:00,2022-12-31T23:00:00+00:00,False
ma200_trend_entry,ETH,btc_range_2023,BTC range (16k–30k consolidation),2023-01-01,2023-09-30,6551,2.0364,2.4178,0,2023-01-01T00:00:00+00:00,2023-09-30T23:00:00+00:00,False
ma200_trend_entry,ETH,btc_high_vol_2024,BTC high-vol (ETF approval shock),2024-01-01,2024-04-30,2904,2.9312,4.3982,0,2024-01-01T00:00:00+00:00,2024-04-30T23:00:00+00:00,False
ma200_trend_entry,ETH,btc_low_vol_2023h2,BTC low-vol (slow climb),2023-09-01,2023-12-31,2928,2.6346,1.0359,0,2023-09-01T00:00:00+00:00,2023-12-31T23:00:00+00:00,False
ma200_trend_entry,XRP,btc_bull_2020_2021,BTC bull (covid bottom → ATH),2020-04-01,2021-11-09,4479,-2.36,11.365,1,2021-05-07T03:00:00+00:00,2021-11-09T23:00:00+00:00,False
ma200_trend_entry,XRP,btc_bear_2022,BTC bear (ATH → 16k),2021-11-10,2022-12-31,10008,-9.3084,10.5838,0,2021-11-10T00:00:00+00:00,2022-12-31T23:00:00+00:00,False
ma200_trend_entry,XRP,btc_range_2023,BTC range (16k–30k consolidation),2023-01-01,2023-09-30,6551,2.0056,4.0223,0,2023-01-01T00:00:00+00:00,2023-09-30T23:00:00+00:00,False
ma200_trend_entry,XRP,btc_high_vol_2024,BTC high-vol (ETF approval shock),2024-01-01,2024-04-30,2904,-1.2742,3.294,0,2024-01-01T00:00:00+00:00,2024-04-30T23:00:00+00:00,False
ma200_trend_entry,XRP,btc_low_vol_2023h2,BTC low-vol (slow climb),2023-09-01,2023-12-31,2928,1.175,1.5821,0,2023-09-01T00:00:00+00:00,2023-12-31T23:00:00+00:00,False
ma200_trend_entry,BNB,btc_bull_2020_2021,BTC bull (covid bottom → ATH),2020-04-01,2021-11-09,4479,11.601,8.0389,1,2021-05-07T03:00:00+00:00,2021-11-09T23:00:00+00:00,False
ma200_trend_entry,BNB,btc_bear_2022,BTC bear (ATH → 16k),2021-11-10,2022-12-31,10008,-14.4071,17.5402,0,2021-11-10T00:00:00+00:00,2022-12-31T23:00:00+00:00,False
ma200_trend_entry,BNB,btc_range_2023,BTC range (16k–30k consolidation),2023-01-01,2023-09-30,6551,-1.3674,6.0913,0,2023-01-01T00:00:00+00:00,2023-09-30T23:00:00+00:00,False
ma200_trend_entry,BNB,btc_high_vol_2024,BTC high-vol (ETF approval shock),2024-01-01,2024-04-30,2904,11.265,4.6994,0,2024-01-01T00:00:00+00:00,2024-04-30T23:00:00+00:00,False
ma200_trend_entry,BNB,btc_low_vol_2023h2,BTC low-vol (slow climb),2023-09-01,2023-12-31,2928,4.1883,1.8733,0,2023-09-01T00:00:00+00:00,2023-12-31T23:00:00+00:00,False
ma200_trend_entry,PAXG,btc_bull_2020_2021,BTC bull (covid bottom → ATH),2020-04-01,2021-11-09,4479,-0.388,2.4111,1,2021-05-07T03:00:00+00:00,2021-11-09T23:00:00+00:00,False
ma200_trend_entry,PAXG,btc_bear_2022,BTC bear (ATH → 16k),2021-11-10,2022-12-31,10008,-0.0803,3.5985,0,2021-11-10T00:00:00+00:00,2022-12-31T23:00:00+00:00,False
ma200_trend_entry,PAXG,btc_range_2023,BTC range (16k–30k consolidation),2023-01-01,2023-09-30,6551,0.3687,1.48,0,2023-01-01T00:00:00+00:00,2023-09-30T23:00:00+00:00,False
ma200_trend_entry,PAXG,btc_high_vol_2024,BTC high-vol (ETF approval shock),2024-01-01,2024-04-30,2904,2.1364,4.2599,0,2024-01-01T00:00:00+00:00,2024-04-30T23:00:00+00:00,False
ma200_trend_entry,PAXG,btc_low_vol_2023h2,BTC low-vol (slow climb),2023-09-01,2023-12-31,2928,0.8663,1.0437,0,2023-09-01T00:00:00+00:00,2023-12-31T23:00:00+00:00,False
ma_pullback,BTC,btc_bull_2020_2021,BTC bull (covid bottom → ATH),2020-04-01,2021-11-09,4479,9.631,3.7495,1,2021-05-07T03:00:00+00:00,2021-11-09T23:00:00+00:00,False
ma_pullback,BTC,btc_bear_2022,BTC bear (ATH → 16k),2021-11-10,2022-12-31,10008,-14.8677,15.5379,0,2021-11-10T00:00:00+00:00,2022-12-31T23:00:00+00:00,False
ma_pullback,BTC,btc_range_2023,BTC range (16k–30k consolidation),2023-01-01,2023-09-30,6551,3.6115,2.1657,0,2023-01-01T00:00:00+00:00,2023-09-30T23:00:00+00:00,False
ma_pullback,BTC,btc_high_vol_2024,BTC high-vol (ETF approval shock),2024-01-01,2024-04-30,2904,5.7803,4.1289,0,2024-01-01T00:00:00+00:00,2024-04-30T23:00:00+00:00,False
ma_pullback,BTC,btc_low_vol_2023h2,BTC low-vol (slow climb),2023-09-01,2023-12-31,2928,5.4388,1.2062,0,2023-09-01T00:00:00+00:00,2023-12-31T23:00:00+00:00,False
ma_pullback,ETH,btc_bull_2020_2021,BTC bull (covid bottom → ATH),2020-04-01,2021-11-09,4479,3.137,8.1839,1,2021-05-07T03:00:00+00:00,2021-11-09T23:00:00+00:00,False
ma_pullback,ETH,btc_bear_2022,BTC bear (ATH → 16k),2021-11-10,2022-12-31,10008,-10.9359,12.1832,0,2021-11-10T00:00:00+00:00,2022-12-31T23:00:00+00:00,False
ma_pullback,ETH,btc_range_2023,BTC range (16k–30k consolidation),2023-01-01,2023-09-30,6551,1.6609,1.9872,0,2023-01-01T00:00:00+00:00,2023-09-30T23:00:00+00:00,False
ma_pullback,ETH,btc_high_vol_2024,BTC high-vol (ETF approval shock),2024-01-01,2024-04-30,2904,2.4102,3.661,0,2024-01-01T00:00:00+00:00,2024-04-30T23:00:00+00:00,False
ma_pullback,ETH,btc_low_vol_2023h2,BTC low-vol (slow climb),2023-09-01,2023-12-31,2928,2.1568,0.8523,0,2023-09-01T00:00:00+00:00,2023-12-31T23:00:00+00:00,False
ma_pullback,XRP,btc_bull_2020_2021,BTC bull (covid bottom → ATH),2020-04-01,2021-11-09,4479,-0.84,9.9338,1,2021-05-07T03:00:00+00:00,2021-11-09T23:00:00+00:00,False
ma_pullback,XRP,btc_bear_2022,BTC bear (ATH → 16k),2021-11-10,2022-12-31,10008,-8.0912,9.2102,0,2021-11-10T00:00:00+00:00,2022-12-31T23:00:00+00:00,False
ma_pullback,XRP,btc_range_2023,BTC range (16k–30k consolidation),2023-01-01,2023-09-30,6551,1.7208,3.4769,0,2023-01-01T00:00:00+00:00,2023-09-30T23:00:00+00:00,False
ma_pullback,XRP,btc_high_vol_2024,BTC high-vol (ETF approval shock),2024-01-01,2024-04-30,2904,-1.0977,2.8429,0,2024-01-01T00:00:00+00:00,2024-04-30T23:00:00+00:00,False
ma_pullback,XRP,btc_low_vol_2023h2,BTC low-vol (slow climb),2023-09-01,2023-12-31,2928,1.0094,1.3651,0,2023-09-01T00:00:00+00:00,2023-12-31T23:00:00+00:00,False
ma_pullback,BNB,btc_bull_2020_2021,BTC bull (covid bottom → ATH),2020-04-01,2021-11-09,4479,-0.448,8.0516,1,2021-05-07T03:00:00+00:00,2021-11-09T23:00:00+00:00,False
ma_pullback,BNB,btc_bear_2022,BTC bear (ATH → 16k),2021-11-10,2022-12-31,10008,-7.0057,8.5792,0,2021-11-10T00:00:00+00:00,2022-12-31T23:00:00+00:00,False
ma_pullback,BNB,btc_range_2023,BTC range (16k–30k consolidation),2023-01-01,2023-09-30,6551,-0.6121,2.7935,0,2023-01-01T00:00:00+00:00,2023-09-30T23:00:00+00:00,False
ma_pullback,BNB,btc_high_vol_2024,BTC high-vol (ETF approval shock),2024-01-01,2024-04-30,2904,5.1238,2.2872,0,2024-01-01T00:00:00+00:00,2024-04-30T23:00:00+00:00,False
ma_pullback,BNB,btc_low_vol_2023h2,BTC low-vol (slow climb),2023-09-01,2023-12-31,2928,1.8617,0.8434,0,2023-09-01T00:00:00+00:00,2023-12-31T23:00:00+00:00,False
ma_pullback,PAXG,btc_bull_2020_2021,BTC bull (covid bottom → ATH),2020-04-01,2021-11-09,4479,-0.439,1.4229,1,2021-05-07T03:00:00+00:00,2021-11-09T23:00:00+00:00,False
ma_pullback,PAXG,btc_bear_2022,BTC bear (ATH → 16k),2021-11-10,2022-12-31,10008,-0.0633,2.8601,0,2021-11-10T00:00:00+00:00,2022-12-31T23:00:00+00:00,False
ma_pullback,PAXG,btc_range_2023,BTC range (16k–30k consolidation),2023-01-01,2023-09-30,6551,0.2915,1.176,0,2023-01-01T00:00:00+00:00,2023-09-30T23:00:00+00:00,False
ma_pullback,PAXG,btc_high_vol_2024,BTC high-vol (ETF approval shock),2024-01-01,2024-04-30,2904,1.6961,3.4259,0,2024-01-01T00:00:00+00:00,2024-04-30T23:00:00+00:00,False
ma_pullback,PAXG,btc_low_vol_2023h2,BTC low-vol (slow climb),2023-09-01,2023-12-31,2928,0.6872,0.8292,0,2023-09-01T00:00:00+00:00,2023-12-31T23:00:00+00:00,False
risk_guard,BTC,btc_bull_2020_2021,BTC bull (covid bottom → ATH),2020-04-01,2021-11-09,4479,0.0,0.0,0,2021-05-07T03:00:00+00:00,2021-11-09T23:00:00+00:00,False
risk_guard,BTC,btc_bear_2022,BTC bear (ATH → 16k),2021-11-10,2022-12-31,10008,0.0,0.0,0,2021-11-10T00:00:00+00:00,2022-12-31T23:00:00+00:00,False
risk_guard,BTC,btc_range_2023,BTC range (16k–30k consolidation),2023-01-01,2023-09-30,6551,0.0,0.0,0,2023-01-01T00:00:00+00:00,2023-09-30T23:00:00+00:00,False
risk_guard,BTC,btc_high_vol_2024,BTC high-vol (ETF approval shock),2024-01-01,2024-04-30,2904,0.0,0.0,0,2024-01-01T00:00:00+00:00,2024-04-30T23:00:00+00:00,False
risk_guard,BTC,btc_low_vol_2023h2,BTC low-vol (slow climb),2023-09-01,2023-12-31,2928,0.0,0.0,0,2023-09-01T00:00:00+00:00,2023-12-31T23:00:00+00:00,False
risk_guard,ETH,btc_bull_2020_2021,BTC bull (covid bottom → ATH),2020-04-01,2021-11-09,4479,0.0,0.0,0,2021-05-07T03:00:00+00:00,2021-11-09T23:00:00+00:00,False
risk_guard,ETH,btc_bear_2022,BTC bear (ATH → 16k),2021-11-10,2022-12-31,10008,0.0,0.0,0,2021-11-10T00:00:00+00:00,2022-12-31T23:00:00+00:00,False
risk_guard,ETH,btc_range_2023,BTC range (16k–30k consolidation),2023-01-01,2023-09-30,6551,0.0,0.0,0,2023-01-01T00:00:00+00:00,2023-09-30T23:00:00+00:00,False
risk_guard,ETH,btc_high_vol_2024,BTC high-vol (ETF approval shock),2024-01-01,2024-04-30,2904,0.0,0.0,0,2024-01-01T00:00:00+00:00,2024-04-30T23:00:00+00:00,False
risk_guard,ETH,btc_low_vol_2023h2,BTC low-vol (slow climb),2023-09-01,2023-12-31,2928,0.0,0.0,0,2023-09-01T00:00:00+00:00,2023-12-31T23:00:00+00:00,False
risk_guard,XRP,btc_bull_2020_2021,BTC bull (covid bottom → ATH),2020-04-01,2021-11-09,4479,0.0,0.0,0,2021-05-07T03:00:00+00:00,2021-11-09T23:00:00+00:00,False
risk_guard,XRP,btc_bear_2022,BTC bear (ATH → 16k),2021-11-10,2022-12-31,10008,0.0,0.0,0,2021-11-10T00:00:00+00:00,2022-12-31T23:00:00+00:00,False
risk_guard,XRP,btc_range_2023,BTC range (16k–30k consolidation),2023-01-01,2023-09-30,6551,0.0,0.0,0,2023-01-01T00:00:00+00:00,2023-09-30T23:00:00+00:00,False
risk_guard,XRP,btc_high_vol_2024,BTC high-vol (ETF approval shock),2024-01-01,2024-04-30,2904,0.0,0.0,0,2024-01-01T00:00:00+00:00,2024-04-30T23:00:00+00:00,False
risk_guard,XRP,btc_low_vol_2023h2,BTC low-vol (slow climb),2023-09-01,2023-12-31,2928,0.0,0.0,0,2023-09-01T00:00:00+00:00,2023-12-31T23:00:00+00:00,False
risk_guard,BNB,btc_bull_2020_2021,BTC bull (covid bottom → ATH),2020-04-01,2021-11-09,4479,0.0,0.0,0,2021-05-07T03:00:00+00:00,2021-11-09T23:00:00+00:00,False
risk_guard,BNB,btc_bear_2022,BTC bear (ATH → 16k),2021-11-10,2022-12-31,10008,0.0,0.0,0,2021-11-10T00:00:00+00:00,2022-12-31T23:00:00+00:00,False
risk_guard,BNB,btc_range_2023,BTC range (16k–30k consolidation),2023-01-01,2023-09-30,6551,0.0,0.0,0,2023-01-01T00:00:00+00:00,2023-09-30T23:00:00+00:00,False
risk_guard,BNB,btc_high_vol_2024,BTC high-vol (ETF approval shock),2024-01-01,2024-04-30,2904,0.0,0.0,0,2024-01-01T00:00:00+00:00,2024-04-30T23:00:00+00:00,False
risk_guard,BNB,btc_low_vol_2023h2,BTC low-vol (slow climb),2023-09-01,2023-12-31,2928,0.0,0.0,0,2023-09-01T00:00:00+00:00,2023-12-31T23:00:00+00:00,False
risk_guard,PAXG,btc_bull_2020_2021,BTC bull (covid bottom → ATH),2020-04-01,2021-11-09,4479,0.0,0.0,0,2021-05-07T03:00:00+00:00,2021-11-09T23:00:00+00:00,False
risk_guard,PAXG,btc_bear_2022,BTC bear (ATH → 16k),2021-11-10,2022-12-31,10008,0.0,0.0,0,2021-11-10T00:00:00+00:00,2022-12-31T23:00:00+00:00,False
risk_guard,PAXG,btc_range_2023,BTC range (16k–30k consolidation),2023-01-01,2023-09-30,6551,0.0,0.0,0,2023-01-01T00:00:00+00:00,2023-09-30T23:00:00+00:00,False
risk_guard,PAXG,btc_high_vol_2024,BTC high-vol (ETF approval shock),2024-01-01,2024-04-30,2904,0.0,0.0,0,2024-01-01T00:00:00+00:00,2024-04-30T23:00:00+00:00,False
risk_guard,PAXG,btc_low_vol_2023h2,BTC low-vol (slow climb),2023-09-01,2023-12-31,2928,0.0,0.0,0,2023-09-01T00:00:00+00:00,2023-12-31T23:00:00+00:00,False
rsi_scale,BTC,btc_bull_2020_2021,BTC bull (covid bottom → ATH),2020-04-01,2021-11-09,4479,-0.162,4.116,2,2021-05-07T03:00:00+00:00,2021-11-09T23:00:00+00:00,False
rsi_scale,BTC,btc_bear_2022,BTC bear (ATH → 16k),2021-11-10,2022-12-31,10008,-4.6674,4.8933,0,2021-11-10T00:00:00+00:00,2022-12-31T23:00:00+00:00,False
rsi_scale,BTC,btc_range_2023,BTC range (16k–30k consolidation),2023-01-01,2023-09-30,6551,1.0128,0.6306,0,2023-01-01T00:00:00+00:00,2023-09-30T23:00:00+00:00,False
rsi_scale,BTC,btc_high_vol_2024,BTC high-vol (ETF approval shock),2024-01-01,2024-04-30,2904,1.7227,1.3131,0,2024-01-01T00:00:00+00:00,2024-04-30T23:00:00+00:00,False
rsi_scale,BTC,btc_low_vol_2023h2,BTC low-vol (slow climb),2023-09-01,2023-12-31,2928,1.5605,0.3611,0,2023-09-01T00:00:00+00:00,2023-12-31T23:00:00+00:00,False
rsi_scale,ETH,btc_bull_2020_2021,BTC bull (covid bottom → ATH),2020-04-01,2021-11-09,4479,0.11,5.4974,2,2021-05-07T03:00:00+00:00,2021-11-09T23:00:00+00:00,False
rsi_scale,ETH,btc_bear_2022,BTC bear (ATH → 16k),2021-11-10,2022-12-31,10008,-4.8235,5.3857,0,2021-11-10T00:00:00+00:00,2022-12-31T23:00:00+00:00,False
rsi_scale,ETH,btc_range_2023,BTC range (16k–30k consolidation),2023-01-01,2023-09-30,6551,0.6855,0.8359,0,2023-01-01T00:00:00+00:00,2023-09-30T23:00:00+00:00,False
rsi_scale,ETH,btc_high_vol_2024,BTC high-vol (ETF approval shock),2024-01-01,2024-04-30,2904,1.0168,1.5958,0,2024-01-01T00:00:00+00:00,2024-04-30T23:00:00+00:00,False
rsi_scale,ETH,btc_low_vol_2023h2,BTC low-vol (slow climb),2023-09-01,2023-12-31,2928,0.8989,0.3602,0,2023-09-01T00:00:00+00:00,2023-12-31T23:00:00+00:00,False
rsi_scale,XRP,btc_bull_2020_2021,BTC bull (covid bottom → ATH),2020-04-01,2021-11-09,4479,-0.65,4.0591,2,2021-05-07T03:00:00+00:00,2021-11-09T23:00:00+00:00,False
rsi_scale,XRP,btc_bear_2022,BTC bear (ATH → 16k),2021-11-10,2022-12-31,10008,-3.0928,3.5383,0,2021-11-10T00:00:00+00:00,2022-12-31T23:00:00+00:00,False
rsi_scale,XRP,btc_range_2023,BTC range (16k–30k consolidation),2023-01-01,2023-09-30,6551,0.6235,1.2987,0,2023-01-01T00:00:00+00:00,2023-09-30T23:00:00+00:00,False
rsi_scale,XRP,btc_high_vol_2024,BTC high-vol (ETF approval shock),2024-01-01,2024-04-30,2904,-0.4055,1.0567,0,2024-01-01T00:00:00+00:00,2024-04-30T23:00:00+00:00,False
rsi_scale,XRP,btc_low_vol_2023h2,BTC low-vol (slow climb),2023-09-01,2023-12-31,2928,0.3708,0.5065,0,2023-09-01T00:00:00+00:00,2023-12-31T23:00:00+00:00,False
rsi_scale,BNB,btc_bull_2020_2021,BTC bull (covid bottom → ATH),2020-04-01,2021-11-09,4479,-2.442,7.2401,2,2021-05-07T03:00:00+00:00,2021-11-09T23:00:00+00:00,False
rsi_scale,BNB,btc_bear_2022,BTC bear (ATH → 16k),2021-11-10,2022-12-31,10008,-3.1247,3.8372,0,2021-11-10T00:00:00+00:00,2022-12-31T23:00:00+00:00,False
rsi_scale,BNB,btc_range_2023,BTC range (16k–30k consolidation),2023-01-01,2023-09-30,6551,-0.2625,1.21,0,2023-01-01T00:00:00+00:00,2023-09-30T23:00:00+00:00,False
rsi_scale,BNB,btc_high_vol_2024,BTC high-vol (ETF approval shock),2024-01-01,2024-04-30,2904,2.2103,1.0201,0,2024-01-01T00:00:00+00:00,2024-04-30T23:00:00+00:00,False
rsi_scale,BNB,btc_low_vol_2023h2,BTC low-vol (slow climb),2023-09-01,2023-12-31,2928,0.7937,0.3614,0,2023-09-01T00:00:00+00:00,2023-12-31T23:00:00+00:00,False
rsi_scale,PAXG,btc_bull_2020_2021,BTC bull (covid bottom → ATH),2020-04-01,2021-11-09,4479,0.18,0.8274,2,2021-05-07T03:00:00+00:00,2021-11-09T23:00:00+00:00,False
rsi_scale,PAXG,btc_bear_2022,BTC bear (ATH → 16k),2021-11-10,2022-12-31,10008,-0.027,1.2388,0,2021-11-10T00:00:00+00:00,2022-12-31T23:00:00+00:00,False
rsi_scale,PAXG,btc_range_2023,BTC range (16k–30k consolidation),2023-01-01,2023-09-30,6551,0.1248,0.5091,0,2023-01-01T00:00:00+00:00,2023-09-30T23:00:00+00:00,False
rsi_scale,PAXG,btc_high_vol_2024,BTC high-vol (ETF approval shock),2024-01-01,2024-04-30,2904,0.7337,1.5244,0,2024-01-01T00:00:00+00:00,2024-04-30T23:00:00+00:00,False
rsi_scale,PAXG,btc_low_vol_2023h2,BTC low-vol (slow climb),2023-09-01,2023-12-31,2928,0.2968,0.3588,0,2023-09-01T00:00:00+00:00,2023-12-31T23:00:00+00:00,False
staged_profit_taking,BTC,btc_bull_2020_2021,BTC bull (covid bottom → ATH),2020-04-01,2021-11-09,4479,0.0,0.0,0,2021-05-07T03:00:00+00:00,2021-11-09T23:00:00+00:00,False
staged_profit_taking,BTC,btc_bear_2022,BTC bear (ATH → 16k),2021-11-10,2022-12-31,10008,0.0,0.0,0,2021-11-10T00:00:00+00:00,2022-12-31T23:00:00+00:00,False
staged_profit_taking,BTC,btc_range_2023,BTC range (16k–30k consolidation),2023-01-01,2023-09-30,6551,0.0,0.0,0,2023-01-01T00:00:00+00:00,2023-09-30T23:00:00+00:00,False
staged_profit_taking,BTC,btc_high_vol_2024,BTC high-vol (ETF approval shock),2024-01-01,2024-04-30,2904,0.0,0.0,0,2024-01-01T00:00:00+00:00,2024-04-30T23:00:00+00:00,False
staged_profit_taking,BTC,btc_low_vol_2023h2,BTC low-vol (slow climb),2023-09-01,2023-12-31,2928,0.0,0.0,0,2023-09-01T00:00:00+00:00,2023-12-31T23:00:00+00:00,False
staged_profit_taking,ETH,btc_bull_2020_2021,BTC bull (covid bottom → ATH),2020-04-01,2021-11-09,4479,0.0,0.0,0,2021-05-07T03:00:00+00:00,2021-11-09T23:00:00+00:00,False
staged_profit_taking,ETH,btc_bear_2022,BTC bear (ATH → 16k),2021-11-10,2022-12-31,10008,0.0,0.0,0,2021-11-10T00:00:00+00:00,2022-12-31T23:00:00+00:00,False
staged_profit_taking,ETH,btc_range_2023,BTC range (16k–30k consolidation),2023-01-01,2023-09-30,6551,0.0,0.0,0,2023-01-01T00:00:00+00:00,2023-09-30T23:00:00+00:00,False
staged_profit_taking,ETH,btc_high_vol_2024,BTC high-vol (ETF approval shock),2024-01-01,2024-04-30,2904,0.0,0.0,0,2024-01-01T00:00:00+00:00,2024-04-30T23:00:00+00:00,False
staged_profit_taking,ETH,btc_low_vol_2023h2,BTC low-vol (slow climb),2023-09-01,2023-12-31,2928,0.0,0.0,0,2023-09-01T00:00:00+00:00,2023-12-31T23:00:00+00:00,False
staged_profit_taking,XRP,btc_bull_2020_2021,BTC bull (covid bottom → ATH),2020-04-01,2021-11-09,4479,0.0,0.0,0,2021-05-07T03:00:00+00:00,2021-11-09T23:00:00+00:00,False
staged_profit_taking,XRP,btc_bear_2022,BTC bear (ATH → 16k),2021-11-10,2022-12-31,10008,0.0,0.0,0,2021-11-10T00:00:00+00:00,2022-12-31T23:00:00+00:00,False
staged_profit_taking,XRP,btc_range_2023,BTC range (16k–30k consolidation),2023-01-01,2023-09-30,6551,0.0,0.0,0,2023-01-01T00:00:00+00:00,2023-09-30T23:00:00+00:00,False
staged_profit_taking,XRP,btc_high_vol_2024,BTC high-vol (ETF approval shock),2024-01-01,2024-04-30,2904,0.0,0.0,0,2024-01-01T00:00:00+00:00,2024-04-30T23:00:00+00:00,False
staged_profit_taking,XRP,btc_low_vol_2023h2,BTC low-vol (slow climb),2023-09-01,2023-12-31,2928,0.0,0.0,0,2023-09-01T00:00:00+00:00,2023-12-31T23:00:00+00:00,False
staged_profit_taking,BNB,btc_bull_2020_2021,BTC bull (covid bottom → ATH),2020-04-01,2021-11-09,4479,0.0,0.0,0,2021-05-07T03:00:00+00:00,2021-11-09T23:00:00+00:00,False
staged_profit_taking,BNB,btc_bear_2022,BTC bear (ATH → 16k),2021-11-10,2022-12-31,10008,0.0,0.0,0,2021-11-10T00:00:00+00:00,2022-12-31T23:00:00+00:00,False
staged_profit_taking,BNB,btc_range_2023,BTC range (16k–30k consolidation),2023-01-01,2023-09-30,6551,0.0,0.0,0,2023-01-01T00:00:00+00:00,2023-09-30T23:00:00+00:00,False
staged_profit_taking,BNB,btc_high_vol_2024,BTC high-vol (ETF approval shock),2024-01-01,2024-04-30,2904,0.0,0.0,0,2024-01-01T00:00:00+00:00,2024-04-30T23:00:00+00:00,False
staged_profit_taking,BNB,btc_low_vol_2023h2,BTC low-vol (slow climb),2023-09-01,2023-12-31,2928,0.0,0.0,0,2023-09-01T00:00:00+00:00,2023-12-31T23:00:00+00:00,False
staged_profit_taking,PAXG,btc_bull_2020_2021,BTC bull (covid bottom → ATH),2020-04-01,2021-11-09,4479,0.0,0.0,0,2021-05-07T03:00:00+00:00,2021-11-09T23:00:00+00:00,False
staged_profit_taking,PAXG,btc_bear_2022,BTC bear (ATH → 16k),2021-11-10,2022-12-31,10008,0.0,0.0,0,2021-11-10T00:00:00+00:00,2022-12-31T23:00:00+00:00,False
staged_profit_taking,PAXG,btc_range_2023,BTC range (16k–30k consolidation),2023-01-01,2023-09-30,6551,0.0,0.0,0,2023-01-01T00:00:00+00:00,2023-09-30T23:00:00+00:00,False
staged_profit_taking,PAXG,btc_high_vol_2024,BTC high-vol (ETF approval shock),2024-01-01,2024-04-30,2904,0.0,0.0,0,2024-01-01T00:00:00+00:00,2024-04-30T23:00:00+00:00,False
staged_profit_taking,PAXG,btc_low_vol_2023h2,BTC low-vol (slow climb),2023-09-01,2023-12-31,2928,0.0,0.0,0,2023-09-01T00:00:00+00:00,2023-12-31T23:00:00+00:00,False
stop_loss,BTC,btc_bull_2020_2021,BTC bull (covid bottom → ATH),2020-04-01,2021-11-09,4479,0.0,0.0,0,2021-05-07T03:00:00+00:00,2021-11-09T23:00:00+00:00,False
stop_loss,BTC,btc_bear_2022,BTC bear (ATH → 16k),2021-11-10,2022-12-31,10008,0.0,0.0,0,2021-11-10T00:00:00+00:00,2022-12-31T23:00:00+00:00,False
stop_loss,BTC,btc_range_2023,BTC range (16k–30k consolidation),2023-01-01,2023-09-30,6551,0.0,0.0,0,2023-01-01T00:00:00+00:00,2023-09-30T23:00:00+00:00,False
stop_loss,BTC,btc_high_vol_2024,BTC high-vol (ETF approval shock),2024-01-01,2024-04-30,2904,0.0,0.0,0,2024-01-01T00:00:00+00:00,2024-04-30T23:00:00+00:00,False
stop_loss,BTC,btc_low_vol_2023h2,BTC low-vol (slow climb),2023-09-01,2023-12-31,2928,0.0,0.0,0,2023-09-01T00:00:00+00:00,2023-12-31T23:00:00+00:00,False
stop_loss,ETH,btc_bull_2020_2021,BTC bull (covid bottom → ATH),2020-04-01,2021-11-09,4479,0.0,0.0,0,2021-05-07T03:00:00+00:00,2021-11-09T23:00:00+00:00,False
stop_loss,ETH,btc_bear_2022,BTC bear (ATH → 16k),2021-11-10,2022-12-31,10008,0.0,0.0,0,2021-11-10T00:00:00+00:00,2022-12-31T23:00:00+00:00,False
stop_loss,ETH,btc_range_2023,BTC range (16k–30k consolidation),2023-01-01,2023-09-30,6551,0.0,0.0,0,2023-01-01T00:00:00+00:00,2023-09-30T23:00:00+00:00,False
stop_loss,ETH,btc_high_vol_2024,BTC high-vol (ETF approval shock),2024-01-01,2024-04-30,2904,0.0,0.0,0,2024-01-01T00:00:00+00:00,2024-04-30T23:00:00+00:00,False
stop_loss,ETH,btc_low_vol_2023h2,BTC low-vol (slow climb),2023-09-01,2023-12-31,2928,0.0,0.0,0,2023-09-01T00:00:00+00:00,2023-12-31T23:00:00+00:00,False
stop_loss,XRP,btc_bull_2020_2021,BTC bull (covid bottom → ATH),2020-04-01,2021-11-09,4479,0.0,0.0,0,2021-05-07T03:00:00+00:00,2021-11-09T23:00:00+00:00,False
stop_loss,XRP,btc_bear_2022,BTC bear (ATH → 16k),2021-11-10,2022-12-31,10008,0.0,0.0,0,2021-11-10T00:00:00+00:00,2022-12-31T23:00:00+00:00,False
stop_loss,XRP,btc_range_2023,BTC range (16k–30k consolidation),2023-01-01,2023-09-30,6551,0.0,0.0,0,2023-01-01T00:00:00+00:00,2023-09-30T23:00:00+00:00,False
stop_loss,XRP,btc_high_vol_2024,BTC high-vol (ETF approval shock),2024-01-01,2024-04-30,2904,0.0,0.0,0,2024-01-01T00:00:00+00:00,2024-04-30T23:00:00+00:00,False
stop_loss,XRP,btc_low_vol_2023h2,BTC low-vol (slow climb),2023-09-01,2023-12-31,2928,0.0,0.0,0,2023-09-01T00:00:00+00:00,2023-12-31T23:00:00+00:00,False
stop_loss,BNB,btc_bull_2020_2021,BTC bull (covid bottom → ATH),2020-04-01,2021-11-09,4479,0.0,0.0,0,2021-05-07T03:00:00+00:00,2021-11-09T23:00:00+00:00,False
stop_loss,BNB,btc_bear_2022,BTC bear (ATH → 16k),2021-11-10,2022-12-31,10008,0.0,0.0,0,2021-11-10T00:00:00+00:00,2022-12-31T23:00:00+00:00,False
stop_loss,BNB,btc_range_2023,BTC range (16k–30k consolidation),2023-01-01,2023-09-30,6551,0.0,0.0,0,2023-01-01T00:00:00+00:00,2023-09-30T23:00:00+00:00,False
stop_loss,BNB,btc_high_vol_2024,BTC high-vol (ETF approval shock),2024-01-01,2024-04-30,2904,0.0,0.0,0,2024-01-01T00:00:00+00:00,2024-04-30T23:00:00+00:00,False
stop_loss,BNB,btc_low_vol_2023h2,BTC low-vol (slow climb),2023-09-01,2023-12-31,2928,0.0,0.0,0,2023-09-01T00:00:00+00:00,2023-12-31T23:00:00+00:00,False
stop_loss,PAXG,btc_bull_2020_2021,BTC bull (covid bottom → ATH),2020-04-01,2021-11-09,4479,0.0,0.0,0,2021-05-07T03:00:00+00:00,2021-11-09T23:00:00+00:00,False
stop_loss,PAXG,btc_bear_2022,BTC bear (ATH → 16k),2021-11-10,2022-12-31,10008,0.0,0.0,0,2021-11-10T00:00:00+00:00,2022-12-31T23:00:00+00:00,False
stop_loss,PAXG,btc_range_2023,BTC range (16k–30k consolidation),2023-01-01,2023-09-30,6551,0.0,0.0,0,2023-01-01T00:00:00+00:00,2023-09-30T23:00:00+00:00,False
stop_loss,PAXG,btc_high_vol_2024,BTC high-vol (ETF approval shock),2024-01-01,2024-04-30,2904,0.0,0.0,0,2024-01-01T00:00:00+00:00,2024-04-30T23:00:00+00:00,False
stop_loss,PAXG,btc_low_vol_2023h2,BTC low-vol (slow climb),2023-09-01,2023-12-31,2928,0.0,0.0,0,2023-09-01T00:00:00+00:00,2023-12-31T23:00:00+00:00,False
swing_bb_ma50,BTC,btc_bull_2020_2021,BTC bull (covid bottom → ATH),2020-04-01,2021-11-09,4479,-0.031,1.7977,3,2021-05-07T03:00:00+00:00,2021-11-09T23:00:00+00:00,False
swing_bb_ma50,BTC,btc_bear_2022,BTC bear (ATH → 16k),2021-11-10,2022-12-31,10008,0.0,0.0,0,2021-11-10T00:00:00+00:00,2022-12-31T23:00:00+00:00,False
swing_bb_ma50,BTC,btc_range_2023,BTC range (16k–30k consolidation),2023-01-01,2023-09-30,6551,0.0,0.0,0,2023-01-01T00:00:00+00:00,2023-09-30T23:00:00+00:00,False
swing_bb_ma50,BTC,btc_high_vol_2024,BTC high-vol (ETF approval shock),2024-01-01,2024-04-30,2904,0.0,0.0,0,2024-01-01T00:00:00+00:00,2024-04-30T23:00:00+00:00,False
swing_bb_ma50,BTC,btc_low_vol_2023h2,BTC low-vol (slow climb),2023-09-01,2023-12-31,2928,0.0,0.0,0,2023-09-01T00:00:00+00:00,2023-12-31T23:00:00+00:00,False
swing_bb_ma50,ETH,btc_bull_2020_2021,BTC bull (covid bottom → ATH),2020-04-01,2021-11-09,4479,0.049,2.2443,3,2021-05-07T03:00:00+00:00,2021-11-09T23:00:00+00:00,False
swing_bb_ma50,ETH,btc_bear_2022,BTC bear (ATH → 16k),2021-11-10,2022-12-31,10008,0.0,0.0,0,2021-11-10T00:00:00+00:00,2022-12-31T23:00:00+00:00,False
swing_bb_ma50,ETH,btc_range_2023,BTC range (16k–30k consolidation),2023-01-01,2023-09-30,6551,0.0,0.0,0,2023-01-01T00:00:00+00:00,2023-09-30T23:00:00+00:00,False
swing_bb_ma50,ETH,btc_high_vol_2024,BTC high-vol (ETF approval shock),2024-01-01,2024-04-30,2904,0.0,0.0,0,2024-01-01T00:00:00+00:00,2024-04-30T23:00:00+00:00,False
swing_bb_ma50,ETH,btc_low_vol_2023h2,BTC low-vol (slow climb),2023-09-01,2023-12-31,2928,0.0,0.0,0,2023-09-01T00:00:00+00:00,2023-12-31T23:00:00+00:00,False
swing_bb_ma50,XRP,btc_bull_2020_2021,BTC bull (covid bottom → ATH),2020-04-01,2021-11-09,4479,-1.481,1.481,2,2021-05-07T03:00:00+00:00,2021-11-09T23:00:00+00:00,False
swing_bb_ma50,XRP,btc_bear_2022,BTC bear (ATH → 16k),2021-11-10,2022-12-31,10008,0.0,0.0,0,2021-11-10T00:00:00+00:00,2022-12-31T23:00:00+00:00,False
swing_bb_ma50,XRP,btc_range_2023,BTC range (16k–30k consolidation),2023-01-01,2023-09-30,6551,0.0,0.0,0,2023-01-01T00:00:00+00:00,2023-09-30T23:00:00+00:00,False
swing_bb_ma50,XRP,btc_high_vol_2024,BTC high-vol (ETF approval shock),2024-01-01,2024-04-30,2904,0.0,0.0,0,2024-01-01T00:00:00+00:00,2024-04-30T23:00:00+00:00,False
swing_bb_ma50,XRP,btc_low_vol_2023h2,BTC low-vol (slow climb),2023-09-01,2023-12-31,2928,0.0,0.0,0,2023-09-01T00:00:00+00:00,2023-12-31T23:00:00+00:00,False
swing_bb_ma50,BNB,btc_bull_2020_2021,BTC bull (covid bottom → ATH),2020-04-01,2021-11-09,4479,-1.664,1.6994,2,2021-05-07T03:00:00+00:00,2021-11-09T23:00:00+00:00,False
swing_bb_ma50,BNB,btc_bear_2022,BTC bear (ATH → 16k),2021-11-10,2022-12-31,10008,0.0,0.0,0,2021-11-10T00:00:00+00:00,2022-12-31T23:00:00+00:00,False
swing_bb_ma50,BNB,btc_range_2023,BTC range (16k–30k consolidation),2023-01-01,2023-09-30,6551,0.0,0.0,0,2023-01-01T00:00:00+00:00,2023-09-30T23:00:00+00:00,False
swing_bb_ma50,BNB,btc_high_vol_2024,BTC high-vol (ETF approval shock),2024-01-01,2024-04-30,2904,0.0,0.0,0,2024-01-01T00:00:00+00:00,2024-04-30T23:00:00+00:00,False
swing_bb_ma50,BNB,btc_low_vol_2023h2,BTC low-vol (slow climb),2023-09-01,2023-12-31,2928,0.0,0.0,0,2023-09-01T00:00:00+00:00,2023-12-31T23:00:00+00:00,False
swing_bb_ma50,PAXG,btc_bull_2020_2021,BTC bull (covid bottom → ATH),2020-04-01,2021-11-09,4479,-0.719,0.9182,3,2021-05-07T03:00:00+00:00,2021-11-09T23:00:00+00:00,False
swing_bb_ma50,PAXG,btc_bear_2022,BTC bear (ATH → 16k),2021-11-10,2022-12-31,10008,0.0,0.0,0,2021-11-10T00:00:00+00:00,2022-12-31T23:00:00+00:00,False
swing_bb_ma50,PAXG,btc_range_2023,BTC range (16k–30k consolidation),2023-01-01,2023-09-30,6551,0.0,0.0,0,2023-01-01T00:00:00+00:00,2023-09-30T23:00:00+00:00,False
swing_bb_ma50,PAXG,btc_high_vol_2024,BTC high-vol (ETF approval shock),2024-01-01,2024-04-30,2904,0.0,0.0,0,2024-01-01T00:00:00+00:00,2024-04-30T23:00:00+00:00,False
swing_bb_ma50,PAXG,btc_low_vol_2023h2,BTC low-vol (slow climb),2023-09-01,2023-12-31,2928,0.0,0.0,0,2023-09-01T00:00:00+00:00,2023-12-31T23:00:00+00:00,False
bb_rsi_reversion_codex,BTC,btc_bull_2020_2021,BTC bull (covid bottom → ATH),2020-04-01,2021-11-09,4479,-0.497,1.0324,3,2021-05-07T03:00:00+00:00,2021-11-09T23:00:00+00:00,False
bb_rsi_reversion_codex,BTC,btc_bear_2022,BTC bear (ATH → 16k),2021-11-10,2022-12-31,10008,0.0,0.0,0,2021-11-10T00:00:00+00:00,2022-12-31T23:00:00+00:00,False
bb_rsi_reversion_codex,BTC,btc_range_2023,BTC range (16k–30k consolidation),2023-01-01,2023-09-30,6551,0.0,0.0,0,2023-01-01T00:00:00+00:00,2023-09-30T23:00:00+00:00,False
bb_rsi_reversion_codex,BTC,btc_high_vol_2024,BTC high-vol (ETF approval shock),2024-01-01,2024-04-30,2904,0.0,0.0,0,2024-01-01T00:00:00+00:00,2024-04-30T23:00:00+00:00,False
bb_rsi_reversion_codex,BTC,btc_low_vol_2023h2,BTC low-vol (slow climb),2023-09-01,2023-12-31,2928,0.0,0.0,0,2023-09-01T00:00:00+00:00,2023-12-31T23:00:00+00:00,False
bb_rsi_reversion_codex,ETH,btc_bull_2020_2021,BTC bull (covid bottom → ATH),2020-04-01,2021-11-09,4479,-0.026,1.2632,3,2021-05-07T03:00:00+00:00,2021-11-09T23:00:00+00:00,False
bb_rsi_reversion_codex,ETH,btc_bear_2022,BTC bear (ATH → 16k),2021-11-10,2022-12-31,10008,0.0,0.0,0,2021-11-10T00:00:00+00:00,2022-12-31T23:00:00+00:00,False
bb_rsi_reversion_codex,ETH,btc_range_2023,BTC range (16k–30k consolidation),2023-01-01,2023-09-30,6551,0.0,0.0,0,2023-01-01T00:00:00+00:00,2023-09-30T23:00:00+00:00,False
bb_rsi_reversion_codex,ETH,btc_high_vol_2024,BTC high-vol (ETF approval shock),2024-01-01,2024-04-30,2904,0.0,0.0,0,2024-01-01T00:00:00+00:00,2024-04-30T23:00:00+00:00,False
bb_rsi_reversion_codex,ETH,btc_low_vol_2023h2,BTC low-vol (slow climb),2023-09-01,2023-12-31,2928,0.0,0.0,0,2023-09-01T00:00:00+00:00,2023-12-31T23:00:00+00:00,False
bb_rsi_reversion_codex,XRP,btc_bull_2020_2021,BTC bull (covid bottom → ATH),2020-04-01,2021-11-09,4479,-0.467,1.3704,3,2021-05-07T03:00:00+00:00,2021-11-09T23:00:00+00:00,False
bb_rsi_reversion_codex,XRP,btc_bear_2022,BTC bear (ATH → 16k),2021-11-10,2022-12-31,10008,0.0,0.0,0,2021-11-10T00:00:00+00:00,2022-12-31T23:00:00+00:00,False
bb_rsi_reversion_codex,XRP,btc_range_2023,BTC range (16k–30k consolidation),2023-01-01,2023-09-30,6551,0.0,0.0,0,2023-01-01T00:00:00+00:00,2023-09-30T23:00:00+00:00,False
bb_rsi_reversion_codex,XRP,btc_high_vol_2024,BTC high-vol (ETF approval shock),2024-01-01,2024-04-30,2904,0.0,0.0,0,2024-01-01T00:00:00+00:00,2024-04-30T23:00:00+00:00,False
bb_rsi_reversion_codex,XRP,btc_low_vol_2023h2,BTC low-vol (slow climb),2023-09-01,2023-12-31,2928,0.0,0.0,0,2023-09-01T00:00:00+00:00,2023-12-31T23:00:00+00:00,False
bb_rsi_reversion_codex,BNB,btc_bull_2020_2021,BTC bull (covid bottom → ATH),2020-04-01,2021-11-09,4479,-0.192,0.991,3,2021-05-07T03:00:00+00:00,2021-11-09T23:00:00+00:00,False
bb_rsi_reversion_codex,BNB,btc_bear_2022,BTC bear (ATH → 16k),2021-11-10,2022-12-31,10008,0.0,0.0,0,2021-11-10T00:00:00+00:00,2022-12-31T23:00:00+00:00,False
bb_rsi_reversion_codex,BNB,btc_range_2023,BTC range (16k–30k consolidation),2023-01-01,2023-09-30,6551,0.0,0.0,0,2023-01-01T00:00:00+00:00,2023-09-30T23:00:00+00:00,False
bb_rsi_reversion_codex,BNB,btc_high_vol_2024,BTC high-vol (ETF approval shock),2024-01-01,2024-04-30,2904,0.0,0.0,0,2024-01-01T00:00:00+00:00,2024-04-30T23:00:00+00:00,False
bb_rsi_reversion_codex,BNB,btc_low_vol_2023h2,BTC low-vol (slow climb),2023-09-01,2023-12-31,2928,0.0,0.0,0,2023-09-01T00:00:00+00:00,2023-12-31T23:00:00+00:00,False
bb_rsi_reversion_codex,PAXG,btc_bull_2020_2021,BTC bull (covid bottom → ATH),2020-04-01,2021-11-09,4479,0.03,0.9937,2,2021-05-07T03:00:00+00:00,2021-11-09T23:00:00+00:00,False
bb_rsi_reversion_codex,PAXG,btc_bear_2022,BTC bear (ATH → 16k),2021-11-10,2022-12-31,10008,-0.4309,1.1905,1,2021-11-10T00:00:00+00:00,2022-12-31T23:00:00+00:00,False
bb_rsi_reversion_codex,PAXG,btc_range_2023,BTC range (16k–30k consolidation),2023-01-01,2023-09-30,6551,0.0,0.0,0,2023-01-01T00:00:00+00:00,2023-09-30T23:00:00+00:00,False
bb_rsi_reversion_codex,PAXG,btc_high_vol_2024,BTC high-vol (ETF approval shock),2024-01-01,2024-04-30,2904,0.0,0.0,0,2024-01-01T00:00:00+00:00,2024-04-30T23:00:00+00:00,False
bb_rsi_reversion_codex,PAXG,btc_low_vol_2023h2,BTC low-vol (slow climb),2023-09-01,2023-12-31,2928,0.0,0.0,0,2023-09-01T00:00:00+00:00,2023-12-31T23:00:00+00:00,False
breakout_guarded_codex,BTC,btc_bull_2020_2021,BTC bull (covid bottom → ATH),2020-04-01,2021-11-09,4479,-0.643,0.8235,2,2021-05-07T03:00:00+00:00,2021-11-09T23:00:00+00:00,False
breakout_guarded_codex,BTC,btc_bear_2022,BTC bear (ATH → 16k),2021-11-10,2022-12-31,10008,0.0,0.0,0,2021-11-10T00:00:00+00:00,2022-12-31T23:00:00+00:00,False
breakout_guarded_codex,BTC,btc_range_2023,BTC range (16k–30k consolidation),2023-01-01,2023-09-30,6551,0.0,0.0,0,2023-01-01T00:00:00+00:00,2023-09-30T23:00:00+00:00,False
breakout_guarded_codex,BTC,btc_high_vol_2024,BTC high-vol (ETF approval shock),2024-01-01,2024-04-30,2904,0.0,0.0,0,2024-01-01T00:00:00+00:00,2024-04-30T23:00:00+00:00,False
breakout_guarded_codex,BTC,btc_low_vol_2023h2,BTC low-vol (slow climb),2023-09-01,2023-12-31,2928,0.0,0.0,0,2023-09-01T00:00:00+00:00,2023-12-31T23:00:00+00:00,False
breakout_guarded_codex,ETH,btc_bull_2020_2021,BTC bull (covid bottom → ATH),2020-04-01,2021-11-09,4479,-0.745,1.7647,2,2021-05-07T03:00:00+00:00,2021-11-09T23:00:00+00:00,False
breakout_guarded_codex,ETH,btc_bear_2022,BTC bear (ATH → 16k),2021-11-10,2022-12-31,10008,0.0,0.0,0,2021-11-10T00:00:00+00:00,2022-12-31T23:00:00+00:00,False
breakout_guarded_codex,ETH,btc_range_2023,BTC range (16k–30k consolidation),2023-01-01,2023-09-30,6551,0.0,0.0,0,2023-01-01T00:00:00+00:00,2023-09-30T23:00:00+00:00,False
breakout_guarded_codex,ETH,btc_high_vol_2024,BTC high-vol (ETF approval shock),2024-01-01,2024-04-30,2904,0.0,0.0,0,2024-01-01T00:00:00+00:00,2024-04-30T23:00:00+00:00,False
breakout_guarded_codex,ETH,btc_low_vol_2023h2,BTC low-vol (slow climb),2023-09-01,2023-12-31,2928,0.0,0.0,0,2023-09-01T00:00:00+00:00,2023-12-31T23:00:00+00:00,False
breakout_guarded_codex,XRP,btc_bull_2020_2021,BTC bull (covid bottom → ATH),2020-04-01,2021-11-09,4479,-0.635,0.7462,2,2021-05-07T03:00:00+00:00,2021-11-09T23:00:00+00:00,False
breakout_guarded_codex,XRP,btc_bear_2022,BTC bear (ATH → 16k),2021-11-10,2022-12-31,10008,0.0,0.0,0,2021-11-10T00:00:00+00:00,2022-12-31T23:00:00+00:00,False
breakout_guarded_codex,XRP,btc_range_2023,BTC range (16k–30k consolidation),2023-01-01,2023-09-30,6551,0.0,0.0,0,2023-01-01T00:00:00+00:00,2023-09-30T23:00:00+00:00,False
breakout_guarded_codex,XRP,btc_high_vol_2024,BTC high-vol (ETF approval shock),2024-01-01,2024-04-30,2904,0.0,0.0,0,2024-01-01T00:00:00+00:00,2024-04-30T23:00:00+00:00,False
breakout_guarded_codex,XRP,btc_low_vol_2023h2,BTC low-vol (slow climb),2023-09-01,2023-12-31,2928,0.0,0.0,0,2023-09-01T00:00:00+00:00,2023-12-31T23:00:00+00:00,False
breakout_guarded_codex,BNB,btc_bull_2020_2021,BTC bull (covid bottom → ATH),2020-04-01,2021-11-09,4479,-0.822,1.3851,2,2021-05-07T03:00:00+00:00,2021-11-09T23:00:00+00:00,False
breakout_guarded_codex,BNB,btc_bear_2022,BTC bear (ATH → 16k),2021-11-10,2022-12-31,10008,0.0,0.0,0,2021-11-10T00:00:00+00:00,2022-12-31T23:00:00+00:00,False
breakout_guarded_codex,BNB,btc_range_2023,BTC range (16k–30k consolidation),2023-01-01,2023-09-30,6551,0.0,0.0,0,2023-01-01T00:00:00+00:00,2023-09-30T23:00:00+00:00,False
breakout_guarded_codex,BNB,btc_high_vol_2024,BTC high-vol (ETF approval shock),2024-01-01,2024-04-30,2904,0.0,0.0,0,2024-01-01T00:00:00+00:00,2024-04-30T23:00:00+00:00,False
breakout_guarded_codex,BNB,btc_low_vol_2023h2,BTC low-vol (slow climb),2023-09-01,2023-12-31,2928,0.0,0.0,0,2023-09-01T00:00:00+00:00,2023-12-31T23:00:00+00:00,False
breakout_guarded_codex,PAXG,btc_bull_2020_2021,BTC bull (covid bottom → ATH),2020-04-01,2021-11-09,4479,-0.812,1.6382,2,2021-05-07T03:00:00+00:00,2021-11-09T23:00:00+00:00,False
breakout_guarded_codex,PAXG,btc_bear_2022,BTC bear (ATH → 16k),2021-11-10,2022-12-31,10008,0.0,0.0,0,2021-11-10T00:00:00+00:00,2022-12-31T23:00:00+00:00,False
breakout_guarded_codex,PAXG,btc_range_2023,BTC range (16k–30k consolidation),2023-01-01,2023-09-30,6551,0.0,0.0,0,2023-01-01T00:00:00+00:00,2023-09-30T23:00:00+00:00,False
breakout_guarded_codex,PAXG,btc_high_vol_2024,BTC high-vol (ETF approval shock),2024-01-01,2024-04-30,2904,0.0,0.0,0,2024-01-01T00:00:00+00:00,2024-04-30T23:00:00+00:00,False
breakout_guarded_codex,PAXG,btc_low_vol_2023h2,BTC low-vol (slow climb),2023-09-01,2023-12-31,2928,0.0,0.0,0,2023-09-01T00:00:00+00:00,2023-12-31T23:00:00+00:00,False
kd_trend_scaleout_codex,BTC,btc_bull_2020_2021,BTC bull (covid bottom → ATH),2020-04-01,2021-11-09,4479,-1.014,1.4064,2,2021-05-07T03:00:00+00:00,2021-11-09T23:00:00+00:00,False
kd_trend_scaleout_codex,BTC,btc_bear_2022,BTC bear (ATH → 16k),2021-11-10,2022-12-31,10008,0.0,0.0,0,2021-11-10T00:00:00+00:00,2022-12-31T23:00:00+00:00,False
kd_trend_scaleout_codex,BTC,btc_range_2023,BTC range (16k–30k consolidation),2023-01-01,2023-09-30,6551,0.0,0.0,0,2023-01-01T00:00:00+00:00,2023-09-30T23:00:00+00:00,False
kd_trend_scaleout_codex,BTC,btc_high_vol_2024,BTC high-vol (ETF approval shock),2024-01-01,2024-04-30,2904,0.0,0.0,0,2024-01-01T00:00:00+00:00,2024-04-30T23:00:00+00:00,False
kd_trend_scaleout_codex,BTC,btc_low_vol_2023h2,BTC low-vol (slow climb),2023-09-01,2023-12-31,2928,0.0,0.0,0,2023-09-01T00:00:00+00:00,2023-12-31T23:00:00+00:00,False
kd_trend_scaleout_codex,ETH,btc_bull_2020_2021,BTC bull (covid bottom → ATH),2020-04-01,2021-11-09,4479,-0.942,1.695,2,2021-05-07T03:00:00+00:00,2021-11-09T23:00:00+00:00,False
kd_trend_scaleout_codex,ETH,btc_bear_2022,BTC bear (ATH → 16k),2021-11-10,2022-12-31,10008,0.0,0.0,0,2021-11-10T00:00:00+00:00,2022-12-31T23:00:00+00:00,False
kd_trend_scaleout_codex,ETH,btc_range_2023,BTC range (16k–30k consolidation),2023-01-01,2023-09-30,6551,0.0,0.0,0,2023-01-01T00:00:00+00:00,2023-09-30T23:00:00+00:00,False
kd_trend_scaleout_codex,ETH,btc_high_vol_2024,BTC high-vol (ETF approval shock),2024-01-01,2024-04-30,2904,0.0,0.0,0,2024-01-01T00:00:00+00:00,2024-04-30T23:00:00+00:00,False
kd_trend_scaleout_codex,ETH,btc_low_vol_2023h2,BTC low-vol (slow climb),2023-09-01,2023-12-31,2928,0.0,0.0,0,2023-09-01T00:00:00+00:00,2023-12-31T23:00:00+00:00,False
kd_trend_scaleout_codex,XRP,btc_bull_2020_2021,BTC bull (covid bottom → ATH),2020-04-01,2021-11-09,4479,-0.861,1.68,2,2021-05-07T03:00:00+00:00,2021-11-09T23:00:00+00:00,False
kd_trend_scaleout_codex,XRP,btc_bear_2022,BTC bear (ATH → 16k),2021-11-10,2022-12-31,10008,0.0,0.0,0,2021-11-10T00:00:00+00:00,2022-12-31T23:00:00+00:00,False
kd_trend_scaleout_codex,XRP,btc_range_2023,BTC range (16k–30k consolidation),2023-01-01,2023-09-30,6551,0.0,0.0,0,2023-01-01T00:00:00+00:00,2023-09-30T23:00:00+00:00,False
kd_trend_scaleout_codex,XRP,btc_high_vol_2024,BTC high-vol (ETF approval shock),2024-01-01,2024-04-30,2904,0.0,0.0,0,2024-01-01T00:00:00+00:00,2024-04-30T23:00:00+00:00,False
kd_trend_scaleout_codex,XRP,btc_low_vol_2023h2,BTC low-vol (slow climb),2023-09-01,2023-12-31,2928,0.0,0.0,0,2023-09-01T00:00:00+00:00,2023-12-31T23:00:00+00:00,False
kd_trend_scaleout_codex,BNB,btc_bull_2020_2021,BTC bull (covid bottom → ATH),2020-04-01,2021-11-09,4479,-0.814,1.434,2,2021-05-07T03:00:00+00:00,2021-11-09T23:00:00+00:00,False
kd_trend_scaleout_codex,BNB,btc_bear_2022,BTC bear (ATH → 16k),2021-11-10,2022-12-31,10008,0.0,0.0,0,2021-11-10T00:00:00+00:00,2022-12-31T23:00:00+00:00,False
kd_trend_scaleout_codex,BNB,btc_range_2023,BTC range (16k–30k consolidation),2023-01-01,2023-09-30,6551,0.0,0.0,0,2023-01-01T00:00:00+00:00,2023-09-30T23:00:00+00:00,False
kd_trend_scaleout_codex,BNB,btc_high_vol_2024,BTC high-vol (ETF approval shock),2024-01-01,2024-04-30,2904,0.0,0.0,0,2024-01-01T00:00:00+00:00,2024-04-30T23:00:00+00:00,False
kd_trend_scaleout_codex,BNB,btc_low_vol_2023h2,BTC low-vol (slow climb),2023-09-01,2023-12-31,2928,0.0,0.0,0,2023-09-01T00:00:00+00:00,2023-12-31T23:00:00+00:00,False
kd_trend_scaleout_codex,PAXG,btc_bull_2020_2021,BTC bull (covid bottom → ATH),2020-04-01,2021-11-09,4479,-0.748,1.6089,2,2021-05-07T03:00:00+00:00,2021-11-09T23:00:00+00:00,False
kd_trend_scaleout_codex,PAXG,btc_bear_2022,BTC bear (ATH → 16k),2021-11-10,2022-12-31,10008,0.0,0.0,0,2021-11-10T00:00:00+00:00,2022-12-31T23:00:00+00:00,False
kd_trend_scaleout_codex,PAXG,btc_range_2023,BTC range (16k–30k consolidation),2023-01-01,2023-09-30,6551,0.0,0.0,0,2023-01-01T00:00:00+00:00,2023-09-30T23:00:00+00:00,False
kd_trend_scaleout_codex,PAXG,btc_high_vol_2024,BTC high-vol (ETF approval shock),2024-01-01,2024-04-30,2904,0.0,0.0,0,2024-01-01T00:00:00+00:00,2024-04-30T23:00:00+00:00,False
kd_trend_scaleout_codex,PAXG,btc_low_vol_2023h2,BTC low-vol (slow climb),2023-09-01,2023-12-31,2928,0.0,0.0,0,2023-09-01T00:00:00+00:00,2023-12-31T23:00:00+00:00,False
ma200_rsi_reclaim_codex,BTC,btc_bull_2020_2021,BTC bull (covid bottom → ATH),2020-04-01,2021-11-09,4479,0.0,0.0,0,2021-05-07T03:00:00+00:00,2021-11-09T23:00:00+00:00,False
ma200_rsi_reclaim_codex,BTC,btc_bear_2022,BTC bear (ATH → 16k),2021-11-10,2022-12-31,10008,0.0,0.0,0,2021-11-10T00:00:00+00:00,2022-12-31T23:00:00+00:00,False
ma200_rsi_reclaim_codex,BTC,btc_range_2023,BTC range (16k–30k consolidation),2023-01-01,2023-09-30,6551,0.0,0.0,0,2023-01-01T00:00:00+00:00,2023-09-30T23:00:00+00:00,False
ma200_rsi_reclaim_codex,BTC,btc_high_vol_2024,BTC high-vol (ETF approval shock),2024-01-01,2024-04-30,2904,0.0,0.0,0,2024-01-01T00:00:00+00:00,2024-04-30T23:00:00+00:00,False
ma200_rsi_reclaim_codex,BTC,btc_low_vol_2023h2,BTC low-vol (slow climb),2023-09-01,2023-12-31,2928,0.0,0.0,0,2023-09-01T00:00:00+00:00,2023-12-31T23:00:00+00:00,False
ma200_rsi_reclaim_codex,ETH,btc_bull_2020_2021,BTC bull (covid bottom → ATH),2020-04-01,2021-11-09,4479,0.0,0.0,0,2021-05-07T03:00:00+00:00,2021-11-09T23:00:00+00:00,False
ma200_rsi_reclaim_codex,ETH,btc_bear_2022,BTC bear (ATH → 16k),2021-11-10,2022-12-31,10008,0.0,0.0,0,2021-11-10T00:00:00+00:00,2022-12-31T23:00:00+00:00,False
ma200_rsi_reclaim_codex,ETH,btc_range_2023,BTC range (16k–30k consolidation),2023-01-01,2023-09-30,6551,0.0,0.0,0,2023-01-01T00:00:00+00:00,2023-09-30T23:00:00+00:00,False
ma200_rsi_reclaim_codex,ETH,btc_high_vol_2024,BTC high-vol (ETF approval shock),2024-01-01,2024-04-30,2904,0.0,0.0,0,2024-01-01T00:00:00+00:00,2024-04-30T23:00:00+00:00,False
ma200_rsi_reclaim_codex,ETH,btc_low_vol_2023h2,BTC low-vol (slow climb),2023-09-01,2023-12-31,2928,0.0,0.0,0,2023-09-01T00:00:00+00:00,2023-12-31T23:00:00+00:00,False
ma200_rsi_reclaim_codex,XRP,btc_bull_2020_2021,BTC bull (covid bottom → ATH),2020-04-01,2021-11-09,4479,0.0,0.0,0,2021-05-07T03:00:00+00:00,2021-11-09T23:00:00+00:00,False
ma200_rsi_reclaim_codex,XRP,btc_bear_2022,BTC bear (ATH → 16k),2021-11-10,2022-12-31,10008,0.0,0.0,0,2021-11-10T00:00:00+00:00,2022-12-31T23:00:00+00:00,False
ma200_rsi_reclaim_codex,XRP,btc_range_2023,BTC range (16k–30k consolidation),2023-01-01,2023-09-30,6551,0.0,0.0,0,2023-01-01T00:00:00+00:00,2023-09-30T23:00:00+00:00,False
ma200_rsi_reclaim_codex,XRP,btc_high_vol_2024,BTC high-vol (ETF approval shock),2024-01-01,2024-04-30,2904,0.0,0.0,0,2024-01-01T00:00:00+00:00,2024-04-30T23:00:00+00:00,False
ma200_rsi_reclaim_codex,XRP,btc_low_vol_2023h2,BTC low-vol (slow climb),2023-09-01,2023-12-31,2928,0.0,0.0,0,2023-09-01T00:00:00+00:00,2023-12-31T23:00:00+00:00,False
ma200_rsi_reclaim_codex,BNB,btc_bull_2020_2021,BTC bull (covid bottom → ATH),2020-04-01,2021-11-09,4479,0.0,0.0,0,2021-05-07T03:00:00+00:00,2021-11-09T23:00:00+00:00,False
ma200_rsi_reclaim_codex,BNB,btc_bear_2022,BTC bear (ATH → 16k),2021-11-10,2022-12-31,10008,0.0,0.0,0,2021-11-10T00:00:00+00:00,2022-12-31T23:00:00+00:00,False
ma200_rsi_reclaim_codex,BNB,btc_range_2023,BTC range (16k–30k consolidation),2023-01-01,2023-09-30,6551,0.0,0.0,0,2023-01-01T00:00:00+00:00,2023-09-30T23:00:00+00:00,False
ma200_rsi_reclaim_codex,BNB,btc_high_vol_2024,BTC high-vol (ETF approval shock),2024-01-01,2024-04-30,2904,0.0,0.0,0,2024-01-01T00:00:00+00:00,2024-04-30T23:00:00+00:00,False
ma200_rsi_reclaim_codex,BNB,btc_low_vol_2023h2,BTC low-vol (slow climb),2023-09-01,2023-12-31,2928,0.0,0.0,0,2023-09-01T00:00:00+00:00,2023-12-31T23:00:00+00:00,False
ma200_rsi_reclaim_codex,PAXG,btc_bull_2020_2021,BTC bull (covid bottom → ATH),2020-04-01,2021-11-09,4479,0.0,0.0,0,2021-05-07T03:00:00+00:00,2021-11-09T23:00:00+00:00,False
ma200_rsi_reclaim_codex,PAXG,btc_bear_2022,BTC bear (ATH → 16k),2021-11-10,2022-12-31,10008,0.0,0.0,0,2021-11-10T00:00:00+00:00,2022-12-31T23:00:00+00:00,False
ma200_rsi_reclaim_codex,PAXG,btc_range_2023,BTC range (16k–30k consolidation),2023-01-01,2023-09-30,6551,0.0,0.0,0,2023-01-01T00:00:00+00:00,2023-09-30T23:00:00+00:00,False
ma200_rsi_reclaim_codex,PAXG,btc_high_vol_2024,BTC high-vol (ETF approval shock),2024-01-01,2024-04-30,2904,0.0,0.0,0,2024-01-01T00:00:00+00:00,2024-04-30T23:00:00+00:00,False
ma200_rsi_reclaim_codex,PAXG,btc_low_vol_2023h2,BTC low-vol (slow climb),2023-09-01,2023-12-31,2928,0.0,0.0,0,2023-09-01T00:00:00+00:00,2023-12-31T23:00:00+00:00,False
trend_floor_rebalance_codex,BTC,btc_bull_2020_2021,BTC bull (covid bottom → ATH),2020-04-01,2021-11-09,4479,-0.943,1.122,2,2021-05-07T03:00:00+00:00,2021-11-09T23:00:00+00:00,False
trend_floor_rebalance_codex,BTC,btc_bear_2022,BTC bear (ATH → 16k),2021-11-10,2022-12-31,10008,0.0,0.0,0,2021-11-10T00:00:00+00:00,2022-12-31T23:00:00+00:00,False
trend_floor_rebalance_codex,BTC,btc_range_2023,BTC range (16k–30k consolidation),2023-01-01,2023-09-30,6551,0.0,0.0,0,2023-01-01T00:00:00+00:00,2023-09-30T23:00:00+00:00,False
trend_floor_rebalance_codex,BTC,btc_high_vol_2024,BTC high-vol (ETF approval shock),2024-01-01,2024-04-30,2904,0.0,0.0,0,2024-01-01T00:00:00+00:00,2024-04-30T23:00:00+00:00,False
trend_floor_rebalance_codex,BTC,btc_low_vol_2023h2,BTC low-vol (slow climb),2023-09-01,2023-12-31,2928,0.0,0.0,0,2023-09-01T00:00:00+00:00,2023-12-31T23:00:00+00:00,False
trend_floor_rebalance_codex,ETH,btc_bull_2020_2021,BTC bull (covid bottom → ATH),2020-04-01,2021-11-09,4479,-0.942,0.9816,2,2021-05-07T03:00:00+00:00,2021-11-09T23:00:00+00:00,False
trend_floor_rebalance_codex,ETH,btc_bear_2022,BTC bear (ATH → 16k),2021-11-10,2022-12-31,10008,0.0,0.0,0,2021-11-10T00:00:00+00:00,2022-12-31T23:00:00+00:00,False
trend_floor_rebalance_codex,ETH,btc_range_2023,BTC range (16k–30k consolidation),2023-01-01,2023-09-30,6551,0.0,0.0,0,2023-01-01T00:00:00+00:00,2023-09-30T23:00:00+00:00,False
trend_floor_rebalance_codex,ETH,btc_high_vol_2024,BTC high-vol (ETF approval shock),2024-01-01,2024-04-30,2904,0.0,0.0,0,2024-01-01T00:00:00+00:00,2024-04-30T23:00:00+00:00,False
trend_floor_rebalance_codex,ETH,btc_low_vol_2023h2,BTC low-vol (slow climb),2023-09-01,2023-12-31,2928,0.0,0.0,0,2023-09-01T00:00:00+00:00,2023-12-31T23:00:00+00:00,False
trend_floor_rebalance_codex,XRP,btc_bull_2020_2021,BTC bull (covid bottom → ATH),2020-04-01,2021-11-09,4479,-1.118,1.118,2,2021-05-07T03:00:00+00:00,2021-11-09T23:00:00+00:00,False
trend_floor_rebalance_codex,XRP,btc_bear_2022,BTC bear (ATH → 16k),2021-11-10,2022-12-31,10008,0.0,0.0,0,2021-11-10T00:00:00+00:00,2022-12-31T23:00:00+00:00,False
trend_floor_rebalance_codex,XRP,btc_range_2023,BTC range (16k–30k consolidation),2023-01-01,2023-09-30,6551,0.0,0.0,0,2023-01-01T00:00:00+00:00,2023-09-30T23:00:00+00:00,False
trend_floor_rebalance_codex,XRP,btc_high_vol_2024,BTC high-vol (ETF approval shock),2024-01-01,2024-04-30,2904,0.0,0.0,0,2024-01-01T00:00:00+00:00,2024-04-30T23:00:00+00:00,False
trend_floor_rebalance_codex,XRP,btc_low_vol_2023h2,BTC low-vol (slow climb),2023-09-01,2023-12-31,2928,0.0,0.0,0,2023-09-01T00:00:00+00:00,2023-12-31T23:00:00+00:00,False
trend_floor_rebalance_codex,BNB,btc_bull_2020_2021,BTC bull (covid bottom → ATH),2020-04-01,2021-11-09,4479,-0.286,1.5802,3,2021-05-07T03:00:00+00:00,2021-11-09T23:00:00+00:00,False
trend_floor_rebalance_codex,BNB,btc_bear_2022,BTC bear (ATH → 16k),2021-11-10,2022-12-31,10008,0.0,0.0,0,2021-11-10T00:00:00+00:00,2022-12-31T23:00:00+00:00,False
trend_floor_rebalance_codex,BNB,btc_range_2023,BTC range (16k–30k consolidation),2023-01-01,2023-09-30,6551,0.0,0.0,0,2023-01-01T00:00:00+00:00,2023-09-30T23:00:00+00:00,False
trend_floor_rebalance_codex,BNB,btc_high_vol_2024,BTC high-vol (ETF approval shock),2024-01-01,2024-04-30,2904,0.0,0.0,0,2024-01-01T00:00:00+00:00,2024-04-30T23:00:00+00:00,False
trend_floor_rebalance_codex,BNB,btc_low_vol_2023h2,BTC low-vol (slow climb),2023-09-01,2023-12-31,2928,0.0,0.0,0,2023-09-01T00:00:00+00:00,2023-12-31T23:00:00+00:00,False
trend_floor_rebalance_codex,PAXG,btc_bull_2020_2021,BTC bull (covid bottom → ATH),2020-04-01,2021-11-09,4479,-0.943,1.255,2,2021-05-07T03:00:00+00:00,2021-11-09T23:00:00+00:00,False
trend_floor_rebalance_codex,PAXG,btc_bear_2022,BTC bear (ATH → 16k),2021-11-10,2022-12-31,10008,0.0,0.0,0,2021-11-10T00:00:00+00:00,2022-12-31T23:00:00+00:00,False
trend_floor_rebalance_codex,PAXG,btc_range_2023,BTC range (16k–30k consolidation),2023-01-01,2023-09-30,6551,0.0,0.0,0,2023-01-01T00:00:00+00:00,2023-09-30T23:00:00+00:00,False
trend_floor_rebalance_codex,PAXG,btc_high_vol_2024,BTC high-vol (ETF approval shock),2024-01-01,2024-04-30,2904,0.0,0.0,0,2024-01-01T00:00:00+00:00,2024-04-30T23:00:00+00:00,False
trend_floor_rebalance_codex,PAXG,btc_low_vol_2023h2,BTC low-vol (slow climb),2023-09-01,2023-12-31,2928,0.0,0.0,0,2023-09-01T00:00:00+00:00,2023-12-31T23:00:00+00:00,False
adaptive_profit_ladder_claude,BTC,btc_bull_2020_2021,BTC bull (covid bottom → ATH),2020-04-01,2021-11-09,4479,-2.524,2.738,2,2021-05-07T03:00:00+00:00,2021-11-09T23:00:00+00:00,False
adaptive_profit_ladder_claude,BTC,btc_bear_2022,BTC bear (ATH → 16k),2021-11-10,2022-12-31,10008,0.0,0.0,0,2021-11-10T00:00:00+00:00,2022-12-31T23:00:00+00:00,False
adaptive_profit_ladder_claude,BTC,btc_range_2023,BTC range (16k–30k consolidation),2023-01-01,2023-09-30,6551,0.0,0.0,0,2023-01-01T00:00:00+00:00,2023-09-30T23:00:00+00:00,False
adaptive_profit_ladder_claude,BTC,btc_high_vol_2024,BTC high-vol (ETF approval shock),2024-01-01,2024-04-30,2904,0.0,0.0,0,2024-01-01T00:00:00+00:00,2024-04-30T23:00:00+00:00,False
adaptive_profit_ladder_claude,BTC,btc_low_vol_2023h2,BTC low-vol (slow climb),2023-09-01,2023-12-31,2928,0.0,0.0,0,2023-09-01T00:00:00+00:00,2023-12-31T23:00:00+00:00,False
adaptive_profit_ladder_claude,ETH,btc_bull_2020_2021,BTC bull (covid bottom → ATH),2020-04-01,2021-11-09,4479,-3.398,5.0865,2,2021-05-07T03:00:00+00:00,2021-11-09T23:00:00+00:00,False
adaptive_profit_ladder_claude,ETH,btc_bear_2022,BTC bear (ATH → 16k),2021-11-10,2022-12-31,10008,0.0,0.0,0,2021-11-10T00:00:00+00:00,2022-12-31T23:00:00+00:00,False
adaptive_profit_ladder_claude,ETH,btc_range_2023,BTC range (16k–30k consolidation),2023-01-01,2023-09-30,6551,0.0,0.0,0,2023-01-01T00:00:00+00:00,2023-09-30T23:00:00+00:00,False
adaptive_profit_ladder_claude,ETH,btc_high_vol_2024,BTC high-vol (ETF approval shock),2024-01-01,2024-04-30,2904,0.0,0.0,0,2024-01-01T00:00:00+00:00,2024-04-30T23:00:00+00:00,False
adaptive_profit_ladder_claude,ETH,btc_low_vol_2023h2,BTC low-vol (slow climb),2023-09-01,2023-12-31,2928,0.0,0.0,0,2023-09-01T00:00:00+00:00,2023-12-31T23:00:00+00:00,False
adaptive_profit_ladder_claude,XRP,btc_bull_2020_2021,BTC bull (covid bottom → ATH),2020-04-01,2021-11-09,4479,-2.489,5.048,3,2021-05-07T03:00:00+00:00,2021-11-09T23:00:00+00:00,False
adaptive_profit_ladder_claude,XRP,btc_bear_2022,BTC bear (ATH → 16k),2021-11-10,2022-12-31,10008,0.0,0.0,0,2021-11-10T00:00:00+00:00,2022-12-31T23:00:00+00:00,False
adaptive_profit_ladder_claude,XRP,btc_range_2023,BTC range (16k–30k consolidation),2023-01-01,2023-09-30,6551,0.0,0.0,0,2023-01-01T00:00:00+00:00,2023-09-30T23:00:00+00:00,False
adaptive_profit_ladder_claude,XRP,btc_high_vol_2024,BTC high-vol (ETF approval shock),2024-01-01,2024-04-30,2904,0.0,0.0,0,2024-01-01T00:00:00+00:00,2024-04-30T23:00:00+00:00,False
adaptive_profit_ladder_claude,XRP,btc_low_vol_2023h2,BTC low-vol (slow climb),2023-09-01,2023-12-31,2928,0.0,0.0,0,2023-09-01T00:00:00+00:00,2023-12-31T23:00:00+00:00,False
adaptive_profit_ladder_claude,BNB,btc_bull_2020_2021,BTC bull (covid bottom → ATH),2020-04-01,2021-11-09,4479,-1.289,3.7886,3,2021-05-07T03:00:00+00:00,2021-11-09T23:00:00+00:00,False
adaptive_profit_ladder_claude,BNB,btc_bear_2022,BTC bear (ATH → 16k),2021-11-10,2022-12-31,10008,0.0,0.0,0,2021-11-10T00:00:00+00:00,2022-12-31T23:00:00+00:00,False
adaptive_profit_ladder_claude,BNB,btc_range_2023,BTC range (16k–30k consolidation),2023-01-01,2023-09-30,6551,0.0,0.0,0,2023-01-01T00:00:00+00:00,2023-09-30T23:00:00+00:00,False
adaptive_profit_ladder_claude,BNB,btc_high_vol_2024,BTC high-vol (ETF approval shock),2024-01-01,2024-04-30,2904,0.0,0.0,0,2024-01-01T00:00:00+00:00,2024-04-30T23:00:00+00:00,False
adaptive_profit_ladder_claude,BNB,btc_low_vol_2023h2,BTC low-vol (slow climb),2023-09-01,2023-12-31,2928,0.0,0.0,0,2023-09-01T00:00:00+00:00,2023-12-31T23:00:00+00:00,False
adaptive_profit_ladder_claude,PAXG,btc_bull_2020_2021,BTC bull (covid bottom → ATH),2020-04-01,2021-11-09,4479,0.718,3.6418,2,2021-05-07T03:00:00+00:00,2021-11-09T23:00:00+00:00,False
adaptive_profit_ladder_claude,PAXG,btc_bear_2022,BTC bear (ATH → 16k),2021-11-10,2022-12-31,10008,-1.8477,4.58,1,2021-11-10T00:00:00+00:00,2022-12-31T23:00:00+00:00,False
adaptive_profit_ladder_claude,PAXG,btc_range_2023,BTC range (16k–30k consolidation),2023-01-01,2023-09-30,6551,0.0,0.0,0,2023-01-01T00:00:00+00:00,2023-09-30T23:00:00+00:00,False
adaptive_profit_ladder_claude,PAXG,btc_high_vol_2024,BTC high-vol (ETF approval shock),2024-01-01,2024-04-30,2904,0.0,0.0,0,2024-01-01T00:00:00+00:00,2024-04-30T23:00:00+00:00,False
adaptive_profit_ladder_claude,PAXG,btc_low_vol_2023h2,BTC low-vol (slow climb),2023-09-01,2023-12-31,2928,0.0,0.0,0,2023-09-01T00:00:00+00:00,2023-12-31T23:00:00+00:00,False
bb_breakout_momentum_claude,BTC,btc_bull_2020_2021,BTC bull (covid bottom → ATH),2020-04-01,2021-11-09,4479,-1.583,1.7667,2,2021-05-07T03:00:00+00:00,2021-11-09T23:00:00+00:00,False
bb_breakout_momentum_claude,BTC,btc_bear_2022,BTC bear (ATH → 16k),2021-11-10,2022-12-31,10008,0.0,0.0,0,2021-11-10T00:00:00+00:00,2022-12-31T23:00:00+00:00,False
bb_breakout_momentum_claude,BTC,btc_range_2023,BTC range (16k–30k consolidation),2023-01-01,2023-09-30,6551,0.0,0.0,0,2023-01-01T00:00:00+00:00,2023-09-30T23:00:00+00:00,False
bb_breakout_momentum_claude,BTC,btc_high_vol_2024,BTC high-vol (ETF approval shock),2024-01-01,2024-04-30,2904,0.0,0.0,0,2024-01-01T00:00:00+00:00,2024-04-30T23:00:00+00:00,False
bb_breakout_momentum_claude,BTC,btc_low_vol_2023h2,BTC low-vol (slow climb),2023-09-01,2023-12-31,2928,0.0,0.0,0,2023-09-01T00:00:00+00:00,2023-12-31T23:00:00+00:00,False
bb_breakout_momentum_claude,ETH,btc_bull_2020_2021,BTC bull (covid bottom → ATH),2020-04-01,2021-11-09,4479,-2.074,3.7005,2,2021-05-07T03:00:00+00:00,2021-11-09T23:00:00+00:00,False
bb_breakout_momentum_claude,ETH,btc_bear_2022,BTC bear (ATH → 16k),2021-11-10,2022-12-31,10008,0.0,0.0,0,2021-11-10T00:00:00+00:00,2022-12-31T23:00:00+00:00,False
bb_breakout_momentum_claude,ETH,btc_range_2023,BTC range (16k–30k consolidation),2023-01-01,2023-09-30,6551,0.0,0.0,0,2023-01-01T00:00:00+00:00,2023-09-30T23:00:00+00:00,False
bb_breakout_momentum_claude,ETH,btc_high_vol_2024,BTC high-vol (ETF approval shock),2024-01-01,2024-04-30,2904,0.0,0.0,0,2024-01-01T00:00:00+00:00,2024-04-30T23:00:00+00:00,False
bb_breakout_momentum_claude,ETH,btc_low_vol_2023h2,BTC low-vol (slow climb),2023-09-01,2023-12-31,2928,0.0,0.0,0,2023-09-01T00:00:00+00:00,2023-12-31T23:00:00+00:00,False
bb_breakout_momentum_claude,XRP,btc_bull_2020_2021,BTC bull (covid bottom → ATH),2020-04-01,2021-11-09,4479,-1.59,1.8638,2,2021-05-07T03:00:00+00:00,2021-11-09T23:00:00+00:00,False
bb_breakout_momentum_claude,XRP,btc_bear_2022,BTC bear (ATH → 16k),2021-11-10,2022-12-31,10008,0.0,0.0,0,2021-11-10T00:00:00+00:00,2022-12-31T23:00:00+00:00,False
bb_breakout_momentum_claude,XRP,btc_range_2023,BTC range (16k–30k consolidation),2023-01-01,2023-09-30,6551,0.0,0.0,0,2023-01-01T00:00:00+00:00,2023-09-30T23:00:00+00:00,False
bb_breakout_momentum_claude,XRP,btc_high_vol_2024,BTC high-vol (ETF approval shock),2024-01-01,2024-04-30,2904,0.0,0.0,0,2024-01-01T00:00:00+00:00,2024-04-30T23:00:00+00:00,False
bb_breakout_momentum_claude,XRP,btc_low_vol_2023h2,BTC low-vol (slow climb),2023-09-01,2023-12-31,2928,0.0,0.0,0,2023-09-01T00:00:00+00:00,2023-12-31T23:00:00+00:00,False
bb_breakout_momentum_claude,BNB,btc_bull_2020_2021,BTC bull (covid bottom → ATH),2020-04-01,2021-11-09,4479,-2.604,3.3712,2,2021-05-07T03:00:00+00:00,2021-11-09T23:00:00+00:00,False
bb_breakout_momentum_claude,BNB,btc_bear_2022,BTC bear (ATH → 16k),2021-11-10,2022-12-31,10008,0.0,0.0,0,2021-11-10T00:00:00+00:00,2022-12-31T23:00:00+00:00,False
bb_breakout_momentum_claude,BNB,btc_range_2023,BTC range (16k–30k consolidation),2023-01-01,2023-09-30,6551,0.0,0.0,0,2023-01-01T00:00:00+00:00,2023-09-30T23:00:00+00:00,False
bb_breakout_momentum_claude,BNB,btc_high_vol_2024,BTC high-vol (ETF approval shock),2024-01-01,2024-04-30,2904,0.0,0.0,0,2024-01-01T00:00:00+00:00,2024-04-30T23:00:00+00:00,False
bb_breakout_momentum_claude,BNB,btc_low_vol_2023h2,BTC low-vol (slow climb),2023-09-01,2023-12-31,2928,0.0,0.0,0,2023-09-01T00:00:00+00:00,2023-12-31T23:00:00+00:00,False
bb_breakout_momentum_claude,PAXG,btc_bull_2020_2021,BTC bull (covid bottom → ATH),2020-04-01,2021-11-09,4479,-1.905,4.0626,2,2021-05-07T03:00:00+00:00,2021-11-09T23:00:00+00:00,False
bb_breakout_momentum_claude,PAXG,btc_bear_2022,BTC bear (ATH → 16k),2021-11-10,2022-12-31,10008,0.0,0.0,0,2021-11-10T00:00:00+00:00,2022-12-31T23:00:00+00:00,False
bb_breakout_momentum_claude,PAXG,btc_range_2023,BTC range (16k–30k consolidation),2023-01-01,2023-09-30,6551,0.0,0.0,0,2023-01-01T00:00:00+00:00,2023-09-30T23:00:00+00:00,False
bb_breakout_momentum_claude,PAXG,btc_high_vol_2024,BTC high-vol (ETF approval shock),2024-01-01,2024-04-30,2904,0.0,0.0,0,2024-01-01T00:00:00+00:00,2024-04-30T23:00:00+00:00,False
bb_breakout_momentum_claude,PAXG,btc_low_vol_2023h2,BTC low-vol (slow climb),2023-09-01,2023-12-31,2928,0.0,0.0,0,2023-09-01T00:00:00+00:00,2023-12-31T23:00:00+00:00,False
golden_cross_dual_ma_claude,BTC,btc_bull_2020_2021,BTC bull (covid bottom → ATH),2020-04-01,2021-11-09,4479,-1.025,2.6364,2,2021-05-07T03:00:00+00:00,2021-11-09T23:00:00+00:00,False
golden_cross_dual_ma_claude,BTC,btc_bear_2022,BTC bear (ATH → 16k),2021-11-10,2022-12-31,10008,0.0,0.0,0,2021-11-10T00:00:00+00:00,2022-12-31T23:00:00+00:00,False
golden_cross_dual_ma_claude,BTC,btc_range_2023,BTC range (16k–30k consolidation),2023-01-01,2023-09-30,6551,0.0,0.0,0,2023-01-01T00:00:00+00:00,2023-09-30T23:00:00+00:00,False
golden_cross_dual_ma_claude,BTC,btc_high_vol_2024,BTC high-vol (ETF approval shock),2024-01-01,2024-04-30,2904,0.0,0.0,0,2024-01-01T00:00:00+00:00,2024-04-30T23:00:00+00:00,False
golden_cross_dual_ma_claude,BTC,btc_low_vol_2023h2,BTC low-vol (slow climb),2023-09-01,2023-12-31,2928,0.0,0.0,0,2023-09-01T00:00:00+00:00,2023-12-31T23:00:00+00:00,False
golden_cross_dual_ma_claude,ETH,btc_bull_2020_2021,BTC bull (covid bottom → ATH),2020-04-01,2021-11-09,4479,-0.457,0.457,2,2021-05-07T03:00:00+00:00,2021-11-09T23:00:00+00:00,False
golden_cross_dual_ma_claude,ETH,btc_bear_2022,BTC bear (ATH → 16k),2021-11-10,2022-12-31,10008,0.0,0.0,0,2021-11-10T00:00:00+00:00,2022-12-31T23:00:00+00:00,False
golden_cross_dual_ma_claude,ETH,btc_range_2023,BTC range (16k–30k consolidation),2023-01-01,2023-09-30,6551,0.0,0.0,0,2023-01-01T00:00:00+00:00,2023-09-30T23:00:00+00:00,False
golden_cross_dual_ma_claude,ETH,btc_high_vol_2024,BTC high-vol (ETF approval shock),2024-01-01,2024-04-30,2904,0.0,0.0,0,2024-01-01T00:00:00+00:00,2024-04-30T23:00:00+00:00,False
golden_cross_dual_ma_claude,ETH,btc_low_vol_2023h2,BTC low-vol (slow climb),2023-09-01,2023-12-31,2928,0.0,0.0,0,2023-09-01T00:00:00+00:00,2023-12-31T23:00:00+00:00,False
golden_cross_dual_ma_claude,XRP,btc_bull_2020_2021,BTC bull (covid bottom → ATH),2020-04-01,2021-11-09,4479,-2.618,5.8847,2,2021-05-07T03:00:00+00:00,2021-11-09T23:00:00+00:00,False
golden_cross_dual_ma_claude,XRP,btc_bear_2022,BTC bear (ATH → 16k),2021-11-10,2022-12-31,10008,0.0,0.0,0,2021-11-10T00:00:00+00:00,2022-12-31T23:00:00+00:00,False
golden_cross_dual_ma_claude,XRP,btc_range_2023,BTC range (16k–30k consolidation),2023-01-01,2023-09-30,6551,0.0,0.0,0,2023-01-01T00:00:00+00:00,2023-09-30T23:00:00+00:00,False
golden_cross_dual_ma_claude,XRP,btc_high_vol_2024,BTC high-vol (ETF approval shock),2024-01-01,2024-04-30,2904,0.0,0.0,0,2024-01-01T00:00:00+00:00,2024-04-30T23:00:00+00:00,False
golden_cross_dual_ma_claude,XRP,btc_low_vol_2023h2,BTC low-vol (slow climb),2023-09-01,2023-12-31,2928,0.0,0.0,0,2023-09-01T00:00:00+00:00,2023-12-31T23:00:00+00:00,False
golden_cross_dual_ma_claude,BNB,btc_bull_2020_2021,BTC bull (covid bottom → ATH),2020-04-01,2021-11-09,4479,-2.367,4.8578,2,2021-05-07T03:00:00+00:00,2021-11-09T23:00:00+00:00,False
golden_cross_dual_ma_claude,BNB,btc_bear_2022,BTC bear (ATH → 16k),2021-11-10,2022-12-31,10008,0.0,0.0,0,2021-11-10T00:00:00+00:00,2022-12-31T23:00:00+00:00,False
golden_cross_dual_ma_claude,BNB,btc_range_2023,BTC range (16k–30k consolidation),2023-01-01,2023-09-30,6551,0.0,0.0,0,2023-01-01T00:00:00+00:00,2023-09-30T23:00:00+00:00,False
golden_cross_dual_ma_claude,BNB,btc_high_vol_2024,BTC high-vol (ETF approval shock),2024-01-01,2024-04-30,2904,0.0,0.0,0,2024-01-01T00:00:00+00:00,2024-04-30T23:00:00+00:00,False
golden_cross_dual_ma_claude,BNB,btc_low_vol_2023h2,BTC low-vol (slow climb),2023-09-01,2023-12-31,2928,0.0,0.0,0,2023-09-01T00:00:00+00:00,2023-12-31T23:00:00+00:00,False
golden_cross_dual_ma_claude,PAXG,btc_bull_2020_2021,BTC bull (covid bottom → ATH),2020-04-01,2021-11-09,4479,0.293,3.2351,2,2021-05-07T03:00:00+00:00,2021-11-09T23:00:00+00:00,False
golden_cross_dual_ma_claude,PAXG,btc_bear_2022,BTC bear (ATH → 16k),2021-11-10,2022-12-31,10008,0.0,0.0,0,2021-11-10T00:00:00+00:00,2022-12-31T23:00:00+00:00,False
golden_cross_dual_ma_claude,PAXG,btc_range_2023,BTC range (16k–30k consolidation),2023-01-01,2023-09-30,6551,0.0,0.0,0,2023-01-01T00:00:00+00:00,2023-09-30T23:00:00+00:00,False
golden_cross_dual_ma_claude,PAXG,btc_high_vol_2024,BTC high-vol (ETF approval shock),2024-01-01,2024-04-30,2904,0.0,0.0,0,2024-01-01T00:00:00+00:00,2024-04-30T23:00:00+00:00,False
golden_cross_dual_ma_claude,PAXG,btc_low_vol_2023h2,BTC low-vol (slow climb),2023-09-01,2023-12-31,2928,0.0,0.0,0,2023-09-01T00:00:00+00:00,2023-12-31T23:00:00+00:00,False
trend_pyramid_claude,BTC,btc_bull_2020_2021,BTC bull (covid bottom → ATH),2020-04-01,2021-11-09,4479,-0.453,0.453,3,2021-05-07T03:00:00+00:00,2021-11-09T23:00:00+00:00,False
trend_pyramid_claude,BTC,btc_bear_2022,BTC bear (ATH → 16k),2021-11-10,2022-12-31,10008,0.0,0.0,0,2021-11-10T00:00:00+00:00,2022-12-31T23:00:00+00:00,False
trend_pyramid_claude,BTC,btc_range_2023,BTC range (16k–30k consolidation),2023-01-01,2023-09-30,6551,0.0,0.0,0,2023-01-01T00:00:00+00:00,2023-09-30T23:00:00+00:00,False
trend_pyramid_claude,BTC,btc_high_vol_2024,BTC high-vol (ETF approval shock),2024-01-01,2024-04-30,2904,0.0,0.0,0,2024-01-01T00:00:00+00:00,2024-04-30T23:00:00+00:00,False
trend_pyramid_claude,BTC,btc_low_vol_2023h2,BTC low-vol (slow climb),2023-09-01,2023-12-31,2928,0.0,0.0,0,2023-09-01T00:00:00+00:00,2023-12-31T23:00:00+00:00,False
trend_pyramid_claude,ETH,btc_bull_2020_2021,BTC bull (covid bottom → ATH),2020-04-01,2021-11-09,4479,0.679,3.1542,3,2021-05-07T03:00:00+00:00,2021-11-09T23:00:00+00:00,False
trend_pyramid_claude,ETH,btc_bear_2022,BTC bear (ATH → 16k),2021-11-10,2022-12-31,10008,0.0,0.0,0,2021-11-10T00:00:00+00:00,2022-12-31T23:00:00+00:00,False
trend_pyramid_claude,ETH,btc_range_2023,BTC range (16k–30k consolidation),2023-01-01,2023-09-30,6551,0.0,0.0,0,2023-01-01T00:00:00+00:00,2023-09-30T23:00:00+00:00,False
trend_pyramid_claude,ETH,btc_high_vol_2024,BTC high-vol (ETF approval shock),2024-01-01,2024-04-30,2904,0.0,0.0,0,2024-01-01T00:00:00+00:00,2024-04-30T23:00:00+00:00,False
trend_pyramid_claude,ETH,btc_low_vol_2023h2,BTC low-vol (slow climb),2023-09-01,2023-12-31,2928,0.0,0.0,0,2023-09-01T00:00:00+00:00,2023-12-31T23:00:00+00:00,False
trend_pyramid_claude,XRP,btc_bull_2020_2021,BTC bull (covid bottom → ATH),2020-04-01,2021-11-09,4479,-0.808,1.1392,2,2021-05-07T03:00:00+00:00,2021-11-09T23:00:00+00:00,False
trend_pyramid_claude,XRP,btc_bear_2022,BTC bear (ATH → 16k),2021-11-10,2022-12-31,10008,0.0,0.0,0,2021-11-10T00:00:00+00:00,2022-12-31T23:00:00+00:00,False
trend_pyramid_claude,XRP,btc_range_2023,BTC range (16k–30k consolidation),2023-01-01,2023-09-30,6551,0.0,0.0,0,2023-01-01T00:00:00+00:00,2023-09-30T23:00:00+00:00,False
trend_pyramid_claude,XRP,btc_high_vol_2024,BTC high-vol (ETF approval shock),2024-01-01,2024-04-30,2904,0.0,0.0,0,2024-01-01T00:00:00+00:00,2024-04-30T23:00:00+00:00,False
trend_pyramid_claude,XRP,btc_low_vol_2023h2,BTC low-vol (slow climb),2023-09-01,2023-12-31,2928,0.0,0.0,0,2023-09-01T00:00:00+00:00,2023-12-31T23:00:00+00:00,False
trend_pyramid_claude,BNB,btc_bull_2020_2021,BTC bull (covid bottom → ATH),2020-04-01,2021-11-09,4479,0.059,1.8491,3,2021-05-07T03:00:00+00:00,2021-11-09T23:00:00+00:00,False
trend_pyramid_claude,BNB,btc_bear_2022,BTC bear (ATH → 16k),2021-11-10,2022-12-31,10008,0.0,0.0,0,2021-11-10T00:00:00+00:00,2022-12-31T23:00:00+00:00,False
trend_pyramid_claude,BNB,btc_range_2023,BTC range (16k–30k consolidation),2023-01-01,2023-09-30,6551,0.0,0.0,0,2023-01-01T00:00:00+00:00,2023-09-30T23:00:00+00:00,False
trend_pyramid_claude,BNB,btc_high_vol_2024,BTC high-vol (ETF approval shock),2024-01-01,2024-04-30,2904,0.0,0.0,0,2024-01-01T00:00:00+00:00,2024-04-30T23:00:00+00:00,False
trend_pyramid_claude,BNB,btc_low_vol_2023h2,BTC low-vol (slow climb),2023-09-01,2023-12-31,2928,0.0,0.0,0,2023-09-01T00:00:00+00:00,2023-12-31T23:00:00+00:00,False
trend_pyramid_claude,PAXG,btc_bull_2020_2021,BTC bull (covid bottom → ATH),2020-04-01,2021-11-09,4479,-0.146,0.146,2,2021-05-07T03:00:00+00:00,2021-11-09T23:00:00+00:00,False
trend_pyramid_claude,PAXG,btc_bear_2022,BTC bear (ATH → 16k),2021-11-10,2022-12-31,10008,0.0,0.0,0,2021-11-10T00:00:00+00:00,2022-12-31T23:00:00+00:00,False
trend_pyramid_claude,PAXG,btc_range_2023,BTC range (16k–30k consolidation),2023-01-01,2023-09-30,6551,0.0,0.0,0,2023-01-01T00:00:00+00:00,2023-09-30T23:00:00+00:00,False
trend_pyramid_claude,PAXG,btc_high_vol_2024,BTC high-vol (ETF approval shock),2024-01-01,2024-04-30,2904,0.0,0.0,0,2024-01-01T00:00:00+00:00,2024-04-30T23:00:00+00:00,False
trend_pyramid_claude,PAXG,btc_low_vol_2023h2,BTC low-vol (slow climb),2023-09-01,2023-12-31,2928,0.0,0.0,0,2023-09-01T00:00:00+00:00,2023-12-31T23:00:00+00:00,False
triple_confirmation_dip_claude,BTC,btc_bull_2020_2021,BTC bull (covid bottom → ATH),2020-04-01,2021-11-09,4479,14.88,4.4294,2,2021-05-07T03:00:00+00:00,2021-11-09T23:00:00+00:00,False
triple_confirmation_dip_claude,BTC,btc_bear_2022,BTC bear (ATH → 16k),2021-11-10,2022-12-31,10008,-10.6797,11.1822,1,2021-11-10T00:00:00+00:00,2022-12-31T23:00:00+00:00,False
triple_confirmation_dip_claude,BTC,btc_range_2023,BTC range (16k–30k consolidation),2023-01-01,2023-09-30,6551,0.0,0.0,0,2023-01-01T00:00:00+00:00,2023-09-30T23:00:00+00:00,False
triple_confirmation_dip_claude,BTC,btc_high_vol_2024,BTC high-vol (ETF approval shock),2024-01-01,2024-04-30,2904,0.0,0.0,0,2024-01-01T00:00:00+00:00,2024-04-30T23:00:00+00:00,False
triple_confirmation_dip_claude,BTC,btc_low_vol_2023h2,BTC low-vol (slow climb),2023-09-01,2023-12-31,2928,0.0,0.0,0,2023-09-01T00:00:00+00:00,2023-12-31T23:00:00+00:00,False
triple_confirmation_dip_claude,ETH,btc_bull_2020_2021,BTC bull (covid bottom → ATH),2020-04-01,2021-11-09,4479,-3.839,3.839,2,2021-05-07T03:00:00+00:00,2021-11-09T23:00:00+00:00,False
triple_confirmation_dip_claude,ETH,btc_bear_2022,BTC bear (ATH → 16k),2021-11-10,2022-12-31,10008,0.0,0.0,0,2021-11-10T00:00:00+00:00,2022-12-31T23:00:00+00:00,False
triple_confirmation_dip_claude,ETH,btc_range_2023,BTC range (16k–30k consolidation),2023-01-01,2023-09-30,6551,0.0,0.0,0,2023-01-01T00:00:00+00:00,2023-09-30T23:00:00+00:00,False
triple_confirmation_dip_claude,ETH,btc_high_vol_2024,BTC high-vol (ETF approval shock),2024-01-01,2024-04-30,2904,0.0,0.0,0,2024-01-01T00:00:00+00:00,2024-04-30T23:00:00+00:00,False
triple_confirmation_dip_claude,ETH,btc_low_vol_2023h2,BTC low-vol (slow climb),2023-09-01,2023-12-31,2928,0.0,0.0,0,2023-09-01T00:00:00+00:00,2023-12-31T23:00:00+00:00,False
triple_confirmation_dip_claude,XRP,btc_bull_2020_2021,BTC bull (covid bottom → ATH),2020-04-01,2021-11-09,4479,16.497,9.9672,2,2021-05-07T03:00:00+00:00,2021-11-09T23:00:00+00:00,False
triple_confirmation_dip_claude,XRP,btc_bear_2022,BTC bear (ATH → 16k),2021-11-10,2022-12-31,10008,-11.5806,13.0346,1,2021-11-10T00:00:00+00:00,2022-12-31T23:00:00+00:00,False
triple_confirmation_dip_claude,XRP,btc_range_2023,BTC range (16k–30k consolidation),2023-01-01,2023-09-30,6551,0.0,0.0,0,2023-01-01T00:00:00+00:00,2023-09-30T23:00:00+00:00,False
triple_confirmation_dip_claude,XRP,btc_high_vol_2024,BTC high-vol (ETF approval shock),2024-01-01,2024-04-30,2904,0.0,0.0,0,2024-01-01T00:00:00+00:00,2024-04-30T23:00:00+00:00,False
triple_confirmation_dip_claude,XRP,btc_low_vol_2023h2,BTC low-vol (slow climb),2023-09-01,2023-12-31,2928,0.0,0.0,0,2023-09-01T00:00:00+00:00,2023-12-31T23:00:00+00:00,False
triple_confirmation_dip_claude,BNB,btc_bull_2020_2021,BTC bull (covid bottom → ATH),2020-04-01,2021-11-09,4479,-4.592,9.2286,2,2021-05-07T03:00:00+00:00,2021-11-09T23:00:00+00:00,False
triple_confirmation_dip_claude,BNB,btc_bear_2022,BTC bear (ATH → 16k),2021-11-10,2022-12-31,10008,0.0,0.0,0,2021-11-10T00:00:00+00:00,2022-12-31T23:00:00+00:00,False
triple_confirmation_dip_claude,BNB,btc_range_2023,BTC range (16k–30k consolidation),2023-01-01,2023-09-30,6551,0.0,0.0,0,2023-01-01T00:00:00+00:00,2023-09-30T23:00:00+00:00,False
triple_confirmation_dip_claude,BNB,btc_high_vol_2024,BTC high-vol (ETF approval shock),2024-01-01,2024-04-30,2904,0.0,0.0,0,2024-01-01T00:00:00+00:00,2024-04-30T23:00:00+00:00,False
triple_confirmation_dip_claude,BNB,btc_low_vol_2023h2,BTC low-vol (slow climb),2023-09-01,2023-12-31,2928,0.0,0.0,0,2023-09-01T00:00:00+00:00,2023-12-31T23:00:00+00:00,False
triple_confirmation_dip_claude,PAXG,btc_bull_2020_2021,BTC bull (covid bottom → ATH),2020-04-01,2021-11-09,4479,1.244,1.0938,1,2021-05-07T03:00:00+00:00,2021-11-09T23:00:00+00:00,False
triple_confirmation_dip_claude,PAXG,btc_bear_2022,BTC bear (ATH → 16k),2021-11-10,2022-12-31,10008,-4.9949,9.7124,1,2021-11-10T00:00:00+00:00,2022-12-31T23:00:00+00:00,False
triple_confirmation_dip_claude,PAXG,btc_range_2023,BTC range (16k–30k consolidation),2023-01-01,2023-09-30,6551,0.0,0.0,0,2023-01-01T00:00:00+00:00,2023-09-30T23:00:00+00:00,False
triple_confirmation_dip_claude,PAXG,btc_high_vol_2024,BTC high-vol (ETF approval shock),2024-01-01,2024-04-30,2904,0.0,0.0,0,2024-01-01T00:00:00+00:00,2024-04-30T23:00:00+00:00,False
triple_confirmation_dip_claude,PAXG,btc_low_vol_2023h2,BTC low-vol (slow climb),2023-09-01,2023-12-31,2928,0.0,0.0,0,2023-09-01T00:00:00+00:00,2023-12-31T23:00:00+00:00,False
